symbol,date,close
688396,2026-06-29,92.47
688396,2026-06-30,97.55
688396,2026-07-01,93.45
688396,2026-07-02,87.38
688396,2026-07-03,83.6
688521,2026-06-29,362.0
688521,2026-06-30,371.14
688521,2026-07-01,342.1
688521,2026-07-02,309.5
688521,2026-07-03,303.0
688082,2026-06-29,447.95
688082,2026-06-30,432.0
688082,2026-07-01,405.0
688082,2026-07-02,370.0
688082,2026-07-03,363.43
600460,2026-06-29,52.59
600460,2026-06-30,54.66
600460,2026-07-01,53.15
600460,2026-07-02,50.5
600460,2026-07-03,47.25
601872,2026-06-29,18.26
601872,2026-06-30,17.57
601872,2026-07-01,16.87
601872,2026-07-02,16.53
601872,2026-07-03,17.0
600176,2026-06-29,70.98
600176,2026-06-30,72.88
600176,2026-07-01,70.27
600176,2026-07-02,67.82
600176,2026-07-03,70.9
300433,2026-06-29,51.83
300433,2026-06-30,53.66
300433,2026-07-01,53.42
300433,2026-07-02,50.69
300433,2026-07-03,52.42
600584,2026-06-29,103.25
600584,2026-06-30,103.55
600584,2026-07-01,106.64
600584,2026-07-02,95.98
600584,2026-07-03,90.88
000657,2026-06-29,95.57
000657,2026-06-30,95.72
000657,2026-07-01,95.94
000657,2026-07-02,97.03
000657,2026-07-03,89.63
600549,2026-06-29,83.86
600549,2026-06-30,85.2
600549,2026-07-01,84.9
600549,2026-07-02,82.15
600549,2026-07-03,75.05
000725,2026-06-29,7.95
000725,2026-06-30,8.68
000725,2026-07-01,8.77
000725,2026-07-02,9.1
000725,2026-07-03,8.38
603986,2026-06-29,840.0
603986,2026-06-30,815.0
603986,2026-07-01,772.01
603986,2026-07-02,694.81
603986,2026-07-03,677.77
603259,2026-06-29,126.17
603259,2026-06-30,124.51
603259,2026-07-01,125.2
603259,2026-07-02,121.3
603259,2026-07-03,124.12
603019,2026-06-29,97.48
603019,2026-06-30,107.23
603019,2026-07-01,102.45
603019,2026-07-02,94.56
603019,2026-07-03,92.68
002371,2026-06-29,859.41
002371,2026-06-30,883.76
002371,2026-07-01,934.51
002371,2026-07-02,841.06
002371,2026-07-03,816.0
688506,2026-06-29,297.01
688506,2026-06-30,294.03
688506,2026-07-01,319.9
688506,2026-07-02,335.5
688506,2026-07-03,340.0
600522,2026-06-29,58.84
600522,2026-06-30,60.68
600522,2026-07-01,55.42
600522,2026-07-02,51.58
600522,2026-07-03,50.22
300316,2026-06-29,56.2
300316,2026-06-30,60.4
300316,2026-07-01,60.51
300316,2026-07-02,53.8
300316,2026-07-03,51.08
000807,2026-06-29,23.16
000807,2026-06-30,22.14
000807,2026-07-01,21.8
000807,2026-07-02,21.77
000807,2026-07-03,22.42
300408,2026-06-29,166.69
300408,2026-06-30,166.9
300408,2026-07-01,170.46
300408,2026-07-02,148.2
300408,2026-07-03,144.89
300394,2026-06-29,295.15
300394,2026-06-30,302.68
300394,2026-07-01,285.0
300394,2026-07-02,250.77
300394,2026-07-03,250.1
600183,2026-06-29,171.16
600183,2026-06-30,173.4
600183,2026-07-01,164.8
600183,2026-07-02,151.95
600183,2026-07-03,160.78
002837,2026-06-29,76.7
002837,2026-06-30,79.56
002837,2026-07-01,74.73
002837,2026-07-02,71.4
002837,2026-07-03,71.43
688256,2026-06-29,1482.0
688256,2026-06-30,1595.55
688256,2026-07-01,1485.33
688256,2026-07-02,1372.0
688256,2026-07-03,1353.0
300033,2026-06-29,239.48
300033,2026-06-30,241.0
300033,2026-07-01,258.0
300033,2026-07-02,247.65
300033,2026-07-03,246.18
601066,2026-06-29,29.46
601066,2026-06-30,29.07
601066,2026-07-01,30.01
601066,2026-07-02,28.37
601066,2026-07-03,28.32
002916,2026-06-29,434.16
002916,2026-06-30,457.9
002916,2026-07-01,448.02
002916,2026-07-02,423.1
002916,2026-07-03,454.48
603260,2026-06-29,45.45
603260,2026-06-30,48.26
603260,2026-07-01,47.19
603260,2026-07-02,48.97
603260,2026-07-03,45.57
300661,2026-06-29,133.6
300661,2026-06-30,143.48
300661,2026-07-01,137.21
300661,2026-07-02,142.0
300661,2026-07-03,139.6
600362,2026-06-29,44.49
600362,2026-06-30,43.3
600362,2026-07-01,42.78
600362,2026-07-02,41.92
600362,2026-07-03,43.28
002460,2026-06-29,64.07
002460,2026-06-30,65.4
002460,2026-07-01,65.92
002460,2026-07-02,63.99
002460,2026-07-03,62.97
300476,2026-06-29,315.37
300476,2026-06-30,346.43
300476,2026-07-01,326.86
300476,2026-07-02,306.09
300476,2026-07-03,308.07
688126,2026-06-29,39.0
688126,2026-06-30,39.89
688126,2026-07-01,41.06
688126,2026-07-02,37.45
688126,2026-07-03,34.53
002709,2026-06-29,50.91
002709,2026-06-30,51.43
002709,2026-07-01,54.47
002709,2026-07-02,54.84
002709,2026-07-03,54.04
603993,2026-06-29,18.0
603993,2026-06-30,17.55
603993,2026-07-01,17.73
603993,2026-07-02,18.29
603993,2026-07-03,18.52
688303,2026-06-29,17.25
688303,2026-06-30,17.43
688303,2026-07-01,17.98
688303,2026-07-02,17.49
688303,2026-07-03,17.16
600547,2026-06-29,23.55
600547,2026-06-30,23.09
600547,2026-07-01,23.2
600547,2026-07-02,24.18
600547,2026-07-03,26.08
002179,2026-06-29,44.1
002179,2026-06-30,46.2
002179,2026-07-01,44.6
002179,2026-07-02,44.11
002179,2026-07-03,42.35
688183,2026-06-29,124.22
688183,2026-06-30,132.4
688183,2026-07-01,123.97
688183,2026-07-02,115.3
688183,2026-07-03,122.89
002600,2026-06-29,15.76
002600,2026-06-30,17.34
002600,2026-07-01,17.8
002600,2026-07-02,17.18
002600,2026-07-03,18.02
000776,2026-06-29,23.26
000776,2026-06-30,23.4
000776,2026-07-01,24.86
000776,2026-07-02,23.78
000776,2026-07-03,23.72
000630,2026-06-29,6.37
000630,2026-06-30,6.36
000630,2026-07-01,6.29
000630,2026-07-02,6.21
000630,2026-07-03,6.47
301269,2026-06-29,114.26
301269,2026-06-30,119.42
301269,2026-07-01,118.78
301269,2026-07-02,108.1
301269,2026-07-03,102.77
600482,2026-06-29,31.07
600482,2026-06-30,32.8
600482,2026-07-01,33.08
600482,2026-07-02,31.92
600482,2026-07-03,33.59
601689,2026-06-29,52.35
601689,2026-06-30,56.42
601689,2026-07-01,56.98
601689,2026-07-02,56.75
601689,2026-07-03,62.43
002625,2026-06-29,28.98
002625,2026-06-30,30.32
002625,2026-07-01,31.05
002625,2026-07-02,30.47
002625,2026-07-03,32.14
301165,2026-06-29,67.04
301165,2026-06-30,80.45
301165,2026-07-01,85.92
301165,2026-07-02,85.25
301165,2026-07-03,94.89
601600,2026-06-29,8.54
601600,2026-06-30,8.22
601600,2026-07-01,8.2
601600,2026-07-02,8.17
601600,2026-07-03,8.33
300413,2026-06-29,14.82
300413,2026-06-30,14.63
300413,2026-07-01,14.97
300413,2026-07-02,14.95
300413,2026-07-03,15.03
600030,2026-06-29,28.49
600030,2026-06-30,28.73
600030,2026-07-01,29.47
600030,2026-07-02,28.62
600030,2026-07-03,28.95
601688,2026-06-29,20.86
601688,2026-06-30,20.62
601688,2026-07-01,21.64
601688,2026-07-02,21.03
601688,2026-07-03,21.19
600489,2026-06-29,18.39
600489,2026-06-30,18.05
600489,2026-07-01,17.96
600489,2026-07-02,19.09
600489,2026-07-03,20.34
603296,2026-06-29,68.43
603296,2026-06-30,74.27
603296,2026-07-01,72.04
603296,2026-07-02,68.67
603296,2026-07-03,68.88
000977,2026-06-29,65.82
000977,2026-06-30,70.0
000977,2026-07-01,67.26
000977,2026-07-02,63.79
000977,2026-07-03,66.35
000100,2026-06-29,5.29
000100,2026-06-30,5.82
000100,2026-07-01,6.12
000100,2026-07-02,5.92
000100,2026-07-03,5.65
688981,2026-06-29,151.0
688981,2026-06-30,158.82
688981,2026-07-01,154.48
688981,2026-07-02,144.1
688981,2026-07-03,140.31
002074,2026-06-29,26.99
002074,2026-06-30,27.51
002074,2026-07-01,27.34
002074,2026-07-02,26.73
002074,2026-07-03,27.05
000568,2026-06-29,76.21
000568,2026-06-30,77.52
000568,2026-07-01,77.98
000568,2026-07-02,77.17
000568,2026-07-03,77.2
600188,2026-06-29,18.42
600188,2026-06-30,17.77
600188,2026-07-01,18.03
600188,2026-07-02,17.82
600188,2026-07-03,17.8
600426,2026-06-29,24.85
600426,2026-06-30,23.92
600426,2026-07-01,24.3
600426,2026-07-02,24.78
600426,2026-07-03,24.88
002049,2026-06-29,85.04
002049,2026-06-30,88.75
002049,2026-07-01,86.41
002049,2026-07-02,83.55
002049,2026-07-03,81.76
002493,2026-06-29,11.29
002493,2026-06-30,10.75
002493,2026-07-01,11.26
002493,2026-07-02,11.11
002493,2026-07-03,11.68
300418,2026-06-29,39.78
300418,2026-06-30,40.36
300418,2026-07-01,40.6
300418,2026-07-02,45.55
300418,2026-07-03,42.66
000617,2026-06-29,6.68
000617,2026-06-30,6.59
000617,2026-07-01,6.84
000617,2026-07-02,6.76
000617,2026-07-03,6.85
600085,2026-06-29,23.04
600085,2026-06-30,22.61
600085,2026-07-01,23.25
600085,2026-07-02,23.28
600085,2026-07-03,23.36
688223,2026-06-29,4.68
688223,2026-06-30,4.75
688223,2026-07-01,4.88
688223,2026-07-02,4.68
688223,2026-07-03,4.6
600588,2026-06-29,8.98
600588,2026-06-30,9.18
600588,2026-07-01,9.46
600588,2026-07-02,9.35
600588,2026-07-03,9.31
300124,2026-06-29,65.23
300124,2026-06-30,66.33
300124,2026-07-01,68.2
300124,2026-07-02,68.4
300124,2026-07-03,72.15
002353,2026-06-29,150.69
002353,2026-06-30,152.5
002353,2026-07-01,154.64
002353,2026-07-02,146.78
002353,2026-07-03,161.46
601138,2026-06-29,69.61
601138,2026-06-30,72.15
601138,2026-07-01,70.0
601138,2026-07-02,64.02
601138,2026-07-03,64.72
601238,2026-06-29,5.12
601238,2026-06-30,5.08
601238,2026-07-01,5.18
601238,2026-07-02,5.15
601238,2026-07-03,5.25
601633,2026-06-29,15.45
601633,2026-06-30,15.09
601633,2026-07-01,15.06
601633,2026-07-02,15.0
601633,2026-07-03,15.37
603799,2026-06-29,47.68
603799,2026-06-30,48.26
603799,2026-07-01,48.0
603799,2026-07-02,47.05
603799,2026-07-03,46.76
600118,2026-06-29,81.02
600118,2026-06-30,82.05
600118,2026-07-01,85.65
600118,2026-07-02,81.5
600118,2026-07-03,86.3
001979,2026-06-29,6.52
001979,2026-06-30,6.43
001979,2026-07-01,6.57
001979,2026-07-02,6.62
001979,2026-07-03,6.65
000408,2026-06-29,70.16
000408,2026-06-30,69.32
000408,2026-07-01,68.32
000408,2026-07-02,69.8
000408,2026-07-03,73.35
600036,2026-06-29,36.42
600036,2026-06-30,35.5
600036,2026-07-01,35.91
600036,2026-07-02,36.6
600036,2026-07-03,36.83
600941,2026-06-29,87.6
600941,2026-06-30,86.13
600941,2026-07-01,86.49
600941,2026-07-02,88.25
600941,2026-07-03,87.48
601898,2026-06-29,12.79
601898,2026-06-30,12.18
601898,2026-07-01,12.62
601898,2026-07-02,12.59
601898,2026-07-03,12.67
300308,2026-06-29,1220.0
300308,2026-06-30,1270.0
300308,2026-07-01,1223.17
300308,2026-07-02,1143.0
300308,2026-07-03,1116.0
601698,2026-06-29,29.15
601698,2026-06-30,30.25
601698,2026-07-01,30.8
601698,2026-07-02,29.69
601698,2026-07-03,31.25
000338,2026-06-29,26.19
000338,2026-06-30,27.25
000338,2026-07-01,27.8
000338,2026-07-02,26.4
000338,2026-07-03,28.14
601390,2026-06-29,4.25
601390,2026-06-30,4.17
601390,2026-07-01,4.25
601390,2026-07-02,4.26
601390,2026-07-03,4.28
002594,2026-06-29,79.64
002594,2026-06-30,79.7
002594,2026-07-01,80.66
002594,2026-07-02,83.57
002594,2026-07-03,88.47
300274,2026-06-29,155.64
300274,2026-06-30,159.02
300274,2026-07-01,136.92
300274,2026-07-02,127.84
300274,2026-07-03,126.16
300122,2026-06-29,12.02
300122,2026-06-30,11.69
300122,2026-07-01,12.37
300122,2026-07-02,12.17
300122,2026-07-03,12.17
600741,2026-06-29,16.0
600741,2026-06-30,15.52
600741,2026-07-01,15.51
600741,2026-07-02,15.55
600741,2026-07-03,16.1
600875,2026-06-29,28.97
600875,2026-06-30,28.77
600875,2026-07-01,28.9
600875,2026-07-02,27.91
600875,2026-07-03,28.89
002532,2026-06-29,11.16
002532,2026-06-30,10.73
002532,2026-07-01,10.82
002532,2026-07-02,10.93
002532,2026-07-03,11.37
601607,2026-06-29,15.88
601607,2026-06-30,15.4
601607,2026-07-01,15.65
601607,2026-07-02,15.92
601607,2026-07-03,16.12
601916,2026-06-29,2.74
601916,2026-06-30,2.63
601916,2026-07-01,2.68
601916,2026-07-02,2.71
601916,2026-07-03,2.72
000999,2026-06-29,23.25
000999,2026-06-30,22.49
000999,2026-07-01,23.23
000999,2026-07-02,23.9
000999,2026-07-03,24.03
002466,2026-06-29,59.87
002466,2026-06-30,61.32
002466,2026-07-01,62.29
002466,2026-07-02,60.01
002466,2026-07-03,58.66
688047,2026-06-29,146.9
688047,2026-06-30,154.67
688047,2026-07-01,152.2
688047,2026-07-02,144.49
688047,2026-07-03,136.03
601877,2026-06-29,25.2
601877,2026-06-30,25.07
601877,2026-07-01,24.82
601877,2026-07-02,24.72
601877,2026-07-03,25.18
601800,2026-06-29,5.83
601800,2026-06-30,5.71
601800,2026-07-01,5.84
601800,2026-07-02,5.87
601800,2026-07-03,5.93
601899,2026-06-29,25.79
601899,2026-06-30,25.14
601899,2026-07-01,25.11
601899,2026-07-02,26.3
601899,2026-07-03,27.82
300014,2026-06-29,64.6
300014,2026-06-30,65.03
300014,2026-07-01,63.25
300014,2026-07-02,61.27
300014,2026-07-03,61.16
605499,2026-06-29,121.99
605499,2026-06-30,123.43
605499,2026-07-01,128.53
605499,2026-07-02,124.08
605499,2026-07-03,126.35
601211,2026-06-29,18.13
601211,2026-06-30,18.2
601211,2026-07-01,19.12
601211,2026-07-02,19.17
601211,2026-07-03,19.37
000625,2026-06-29,7.23
000625,2026-06-30,7.17
000625,2026-07-01,7.19
000625,2026-07-02,7.14
000625,2026-07-03,7.24
600938,2026-06-29,27.34
600938,2026-06-30,27.15
600938,2026-07-01,27.02
600938,2026-07-02,26.75
600938,2026-07-03,27.69
605117,2026-06-29,104.27
605117,2026-06-30,106.18
605117,2026-07-01,101.5
605117,2026-07-02,94.66
605117,2026-07-03,96.44
601169,2026-06-29,4.97
601169,2026-06-30,4.9
601169,2026-07-01,4.94
601169,2026-07-02,5.02
601169,2026-07-03,5.03
600989,2026-06-29,20.82
600989,2026-06-30,20.33
600989,2026-07-01,20.75
600989,2026-07-02,20.54
600989,2026-07-03,20.54
601668,2026-06-29,4.4
601668,2026-06-30,4.34
601668,2026-07-01,4.41
601668,2026-07-02,4.44
601668,2026-07-03,4.48
300442,2026-06-29,76.2
300442,2026-06-30,83.07
300442,2026-07-01,90.06
300442,2026-07-02,87.8
300442,2026-07-03,85.44
600028,2026-06-29,4.61
600028,2026-06-30,4.46
600028,2026-07-01,4.54
600028,2026-07-02,4.6
600028,2026-07-03,4.7
601166,2026-06-29,16.88
601166,2026-06-30,16.56
601166,2026-07-01,16.7
601166,2026-07-02,17.06
601166,2026-07-03,17.01
601995,2026-06-29,36.2
601995,2026-06-30,36.15
601995,2026-07-01,37.51
601995,2026-07-02,36.23
601995,2026-07-03,36.38
601601,2026-06-29,29.35
601601,2026-06-30,28.52
601601,2026-07-01,29.99
601601,2026-07-02,29.63
601601,2026-07-03,29.65
601618,2026-06-29,2.47
601618,2026-06-30,2.44
601618,2026-07-01,2.47
601618,2026-07-02,2.49
601618,2026-07-03,2.54
000792,2026-06-29,29.63
000792,2026-06-30,30.19
000792,2026-07-01,30.49
000792,2026-07-02,30.18
000792,2026-07-03,29.41
603392,2026-06-29,27.28
603392,2026-06-30,26.97
603392,2026-07-01,28.31
603392,2026-07-02,28.14
603392,2026-07-03,28.62
600221,2026-06-29,1.38
600221,2026-06-30,1.35
600221,2026-07-01,1.38
600221,2026-07-02,1.37
600221,2026-07-03,1.37
600803,2026-06-29,16.02
600803,2026-06-30,15.8
600803,2026-07-01,16.26
600803,2026-07-02,16.06
600803,2026-07-03,16.5
600219,2026-06-29,4.12
600219,2026-06-30,3.99
600219,2026-07-01,4.03
600219,2026-07-02,4.07
600219,2026-07-03,4.17
300498,2026-06-29,12.57
300498,2026-06-30,12.32
300498,2026-07-01,13.13
300498,2026-07-02,13.18
300498,2026-07-03,13.06
002415,2026-06-29,32.99
002415,2026-06-30,34.2
002415,2026-07-01,34.03
002415,2026-07-02,33.61
002415,2026-07-03,34.0
600905,2026-06-29,3.73
600905,2026-06-30,3.71
600905,2026-07-01,3.76
600905,2026-07-02,3.76
600905,2026-07-03,3.77
002352,2026-06-29,31.33
002352,2026-06-30,31.26
002352,2026-07-01,32.2
002352,2026-07-02,32.42
002352,2026-07-03,32.47
601360,2026-06-29,8.46
601360,2026-06-30,8.69
601360,2026-07-01,8.83
601360,2026-07-02,8.7
601360,2026-07-03,8.71
300866,2026-06-29,109.02
300866,2026-06-30,104.5
300866,2026-07-01,107.73
300866,2026-07-02,100.41
300866,2026-07-03,107.84
600585,2026-06-29,16.59
600585,2026-06-30,16.35
600585,2026-07-01,16.64
600585,2026-07-02,16.85
600585,2026-07-03,17.14
000938,2026-06-29,26.24
000938,2026-06-30,28.86
000938,2026-07-01,29.93
000938,2026-07-02,29.03
000938,2026-07-03,30.28
600926,2026-06-29,14.94
600926,2026-06-30,14.45
600926,2026-07-01,14.66
600926,2026-07-02,14.89
600926,2026-07-03,15.0
600415,2026-06-29,9.98
600415,2026-06-30,10.16
600415,2026-07-01,10.39
600415,2026-07-02,10.38
600415,2026-07-03,10.62
002304,2026-06-29,38.59
002304,2026-06-30,38.15
002304,2026-07-01,38.61
002304,2026-07-02,38.41
002304,2026-07-03,38.68
600150,2026-06-29,33.59
600150,2026-06-30,33.79
600150,2026-07-01,35.19
600150,2026-07-02,34.36
600150,2026-07-03,37.15
002714,2026-06-29,35.99
002714,2026-06-30,34.99
002714,2026-07-01,36.98
002714,2026-07-02,37.35
002714,2026-07-03,36.9
300896,2026-06-29,88.3
300896,2026-06-30,87.2
300896,2026-07-01,90.16
300896,2026-07-02,89.58
300896,2026-07-03,91.63
688111,2026-06-29,212.7
688111,2026-06-30,211.82
688111,2026-07-01,220.32
688111,2026-07-02,215.41
688111,2026-07-03,211.35
601818,2026-06-29,2.95
601818,2026-06-30,2.89
601818,2026-07-01,2.93
601818,2026-07-02,2.97
601818,2026-07-03,2.98
600930,2026-06-29,4.78
600930,2026-06-30,4.74
600930,2026-07-01,4.83
600930,2026-07-02,4.84
600930,2026-07-03,4.9
600346,2026-06-29,18.9
600346,2026-06-30,17.71
600346,2026-07-01,17.78
600346,2026-07-02,17.7
600346,2026-07-03,17.8
688036,2026-06-29,57.0
688036,2026-06-30,58.95
688036,2026-07-01,54.98
688036,2026-07-02,56.65
688036,2026-07-03,60.26
600016,2026-06-29,3.24
600016,2026-06-30,3.17
600016,2026-07-01,3.2
600016,2026-07-02,3.27
600016,2026-07-03,3.28
601727,2026-06-29,7.08
601727,2026-06-30,7.0
601727,2026-07-01,7.01
601727,2026-07-02,6.88
601727,2026-07-03,6.96
002028,2026-06-29,173.89
002028,2026-06-30,173.0
002028,2026-07-01,165.77
002028,2026-07-02,155.44
002028,2026-07-03,167.65
600111,2026-06-29,47.62
600111,2026-06-30,48.05
600111,2026-07-01,47.46
600111,2026-07-02,48.2
600111,2026-07-03,48.57
600660,2026-06-29,52.15
600660,2026-06-30,50.44
600660,2026-07-01,50.0
600660,2026-07-02,49.81
600660,2026-07-03,50.93
601225,2026-06-29,21.0
601225,2026-06-30,20.35
601225,2026-07-01,20.97
601225,2026-07-02,21.5
601225,2026-07-03,21.54
600600,2026-06-29,53.0
600600,2026-06-30,52.23
600600,2026-07-01,52.89
600600,2026-07-02,52.91
600600,2026-07-03,53.38
000596,2026-06-29,78.84
000596,2026-06-30,79.8
000596,2026-07-01,80.23
000596,2026-07-02,78.93
000596,2026-07-03,79.23
600104,2026-06-29,9.82
600104,2026-06-30,9.76
600104,2026-07-01,9.78
600104,2026-07-02,9.88
600104,2026-07-03,10.11
002602,2026-06-29,13.87
002602,2026-06-30,14.1
002602,2026-07-01,13.73
002602,2026-07-02,13.65
002602,2026-07-03,13.46
002558,2026-06-29,27.23
002558,2026-06-30,27.56
002558,2026-07-01,28.11
002558,2026-07-02,27.71
002558,2026-07-03,27.15
601186,2026-06-29,6.04
601186,2026-06-30,5.95
601186,2026-07-01,6.05
601186,2026-07-02,6.08
601186,2026-07-03,6.12
600196,2026-06-29,22.73
600196,2026-06-30,22.47
600196,2026-07-01,23.12
600196,2026-07-02,23.03
600196,2026-07-03,23.29
000858,2026-06-29,74.0
000858,2026-06-30,74.0
000858,2026-07-01,74.52
000858,2026-07-02,73.5
000858,2026-07-03,73.21
002027,2026-06-29,4.82
002027,2026-06-30,4.84
002027,2026-07-01,4.85
002027,2026-07-02,4.91
002027,2026-07-03,4.9
601901,2026-06-29,7.15
601901,2026-06-30,7.2
601901,2026-07-01,7.48
601901,2026-07-02,7.34
601901,2026-07-03,7.32
688472,2026-06-29,10.74
688472,2026-06-30,10.82
688472,2026-07-01,10.9
688472,2026-07-02,10.55
688472,2026-07-03,10.67
000895,2026-06-29,22.79
000895,2026-06-30,22.4
000895,2026-07-01,23.22
000895,2026-07-02,23.28
000895,2026-07-03,23.3
601318,2026-06-29,48.6
601318,2026-06-30,47.74
601318,2026-07-01,49.53
601318,2026-07-02,48.92
601318,2026-07-03,49.09
600436,2026-06-29,113.37
600436,2026-06-30,109.28
600436,2026-07-01,114.77
600436,2026-07-02,113.8
600436,2026-07-03,114.2
300015,2026-06-29,8.6
300015,2026-06-30,8.26
300015,2026-07-01,8.54
300015,2026-07-02,8.46
300015,2026-07-03,8.55
601336,2026-06-29,60.49
601336,2026-06-30,59.66
601336,2026-07-01,65.38
601336,2026-07-02,63.48
601336,2026-07-03,63.52
300760,2026-06-29,137.49
300760,2026-06-30,135.83
300760,2026-07-01,141.7
300760,2026-07-02,139.2
300760,2026-07-03,140.02
600809,2026-06-29,109.25
600809,2026-06-30,109.37
600809,2026-07-01,110.86
600809,2026-07-02,109.17
600809,2026-07-03,109.25
600009,2026-06-29,23.03
600009,2026-06-30,22.84
600009,2026-07-01,23.43
600009,2026-07-02,23.03
600009,2026-07-03,22.92
000301,2026-06-29,11.3
000301,2026-06-30,11.45
000301,2026-07-01,12.02
000301,2026-07-02,12.12
000301,2026-07-03,12.55
600233,2026-06-29,15.16
600233,2026-06-30,15.75
600233,2026-07-01,17.33
600233,2026-07-02,17.93
600233,2026-07-03,17.2
600066,2026-06-29,26.92
600066,2026-06-30,26.81
600066,2026-07-01,28.15
600066,2026-07-02,27.51
600066,2026-07-03,28.9
600519,2026-06-29,1194.96
600519,2026-06-30,1185.49
600519,2026-07-01,1193.01
600519,2026-07-02,1203.0
600519,2026-07-03,1194.45
603369,2026-06-29,24.19
603369,2026-06-30,23.71
603369,2026-07-01,24.24
603369,2026-07-02,24.2
603369,2026-07-03,25.09
000333,2026-06-29,77.27
000333,2026-06-30,75.53
000333,2026-07-01,77.4
000333,2026-07-02,77.01
000333,2026-07-03,77.96
300251,2026-06-29,10.95
300251,2026-06-30,11.09
300251,2026-07-01,11.43
300251,2026-07-02,11.71
300251,2026-07-03,11.67
688271,2026-06-29,102.03
688271,2026-06-30,101.23
688271,2026-07-01,103.88
688271,2026-07-02,103.88
688271,2026-07-03,104.93
000963,2026-06-29,28.72
000963,2026-06-30,28.12
000963,2026-07-01,29.57
000963,2026-07-02,29.49
000963,2026-07-03,30.05
600918,2026-06-29,5.38
600918,2026-06-30,5.32
600918,2026-07-01,5.5
600918,2026-07-02,5.44
600918,2026-07-03,5.46
600018,2026-06-29,4.83
600018,2026-06-30,4.72
600018,2026-07-01,4.81
600018,2026-07-02,4.83
600018,2026-07-03,4.86
300832,2026-06-29,43.0
300832,2026-06-30,42.0
300832,2026-07-01,43.81
300832,2026-07-02,44.2
300832,2026-07-03,44.3
601117,2026-06-29,7.63
601117,2026-06-30,7.35
601117,2026-07-01,7.59
601117,2026-07-02,7.49
601117,2026-07-03,7.55
002241,2026-06-29,21.43
002241,2026-06-30,22.53
002241,2026-07-01,22.32
002241,2026-07-02,21.72
002241,2026-07-03,22.05
002648,2026-06-29,24.23
002648,2026-06-30,23.49
002648,2026-07-01,24.91
002648,2026-07-02,24.73
002648,2026-07-03,24.02
601012,2026-06-29,12.81
601012,2026-06-30,13.12
601012,2026-07-01,13.19
601012,2026-07-02,12.78
601012,2026-07-03,12.55
600048,2026-06-29,4.69
600048,2026-06-30,4.63
600048,2026-07-01,4.72
600048,2026-07-02,4.65
600048,2026-07-03,4.68
601888,2026-06-29,53.6
601888,2026-06-30,53.71
601888,2026-07-01,55.0
601888,2026-07-02,53.69
601888,2026-07-03,53.11
600015,2026-06-29,6.52
600015,2026-06-30,6.39
600015,2026-07-01,6.46
600015,2026-07-02,6.61
600015,2026-07-03,6.66
601100,2026-06-29,107.17
601100,2026-06-30,107.56
601100,2026-07-01,105.74
601100,2026-07-02,110.6
601100,2026-07-03,121.66
002202,2026-06-29,21.73
002202,2026-06-30,23.9
002202,2026-07-01,24.66
002202,2026-07-02,23.51
002202,2026-07-03,24.59
600760,2026-06-29,40.04
600760,2026-06-30,41.1
600760,2026-07-01,41.28
600760,2026-07-02,40.78
600760,2026-07-03,41.63
600010,2026-06-29,2.19
600010,2026-06-30,2.23
600010,2026-07-01,2.23
600010,2026-07-02,2.22
600010,2026-07-03,2.25
600515,2026-06-29,2.73
600515,2026-06-30,2.74
600515,2026-07-01,2.8
600515,2026-07-02,2.79
600515,2026-07-03,2.79
600050,2026-06-29,4.02
600050,2026-06-30,4.0
600050,2026-07-01,4.08
600050,2026-07-02,4.06
600050,2026-07-03,4.07
601009,2026-06-29,10.27
601009,2026-06-30,9.89
601009,2026-07-01,10.1
601009,2026-07-02,10.34
601009,2026-07-03,10.43
000001,2026-06-29,10.24
000001,2026-06-30,10.05
000001,2026-07-01,10.16
000001,2026-07-02,10.28
000001,2026-07-03,10.29
600039,2026-06-29,7.94
600039,2026-06-30,7.82
600039,2026-07-01,8.06
600039,2026-07-02,8.28
600039,2026-07-03,8.45
601728,2026-06-29,5.29
601728,2026-06-30,5.19
601728,2026-07-01,5.27
601728,2026-07-02,5.42
601728,2026-07-03,5.43
000002,2026-06-29,3.04
000002,2026-06-30,2.96
000002,2026-07-01,3.08
000002,2026-07-02,3.06
000002,2026-07-03,3.09
600000,2026-06-29,8.73
600000,2026-06-30,8.61
600000,2026-07-01,8.65
600000,2026-07-02,8.7
600000,2026-07-03,8.69
601857,2026-06-29,8.92
601857,2026-06-30,8.68
601857,2026-07-01,8.73
601857,2026-07-02,8.82
601857,2026-07-03,8.97
601919,2026-06-29,13.4
601919,2026-06-30,13.26
601919,2026-07-01,13.16
601919,2026-07-02,13.19
601919,2026-07-03,13.72
600019,2026-06-29,5.54
600019,2026-06-30,5.43
600019,2026-07-01,5.54
600019,2026-07-02,5.61
600019,2026-07-03,5.59
600893,2026-06-29,37.28
600893,2026-06-30,38.34
600893,2026-07-01,37.73
600893,2026-07-02,37.06
600893,2026-07-03,39.31
601838,2026-06-29,18.03
601838,2026-06-30,17.7
601838,2026-07-01,17.87
601838,2026-07-02,18.38
601838,2026-07-03,18.39
601881,2026-06-29,12.59
601881,2026-06-30,12.57
601881,2026-07-01,13.13
601881,2026-07-02,12.95
601881,2026-07-03,13.44
600276,2026-06-29,52.93
600276,2026-06-30,52.04
600276,2026-07-01,53.78
600276,2026-07-02,53.49
600276,2026-07-03,54.45
000063,2026-06-29,35.2
000063,2026-06-30,36.19
000063,2026-07-01,37.18
000063,2026-07-02,35.32
000063,2026-07-03,36.38
601816,2026-06-29,4.61
601816,2026-06-30,4.53
601816,2026-07-01,4.54
601816,2026-07-02,4.58
601816,2026-07-03,4.63
601018,2026-06-29,3.2
601018,2026-06-30,3.15
601018,2026-07-01,3.2
601018,2026-07-02,3.24
601018,2026-07-03,3.28
601136,2026-06-29,14.01
601136,2026-06-30,13.95
601136,2026-07-01,14.8
601136,2026-07-02,14.55
601136,2026-07-03,14.68
000768,2026-06-29,20.17
000768,2026-06-30,20.48
000768,2026-07-01,20.69
000768,2026-07-02,20.32
000768,2026-07-03,20.99
600570,2026-06-29,20.72
600570,2026-06-30,21.19
600570,2026-07-01,21.9
600570,2026-07-02,21.29
600570,2026-07-03,21.23
300750,2026-06-29,392.36
300750,2026-06-30,393.01
300750,2026-07-01,383.84
300750,2026-07-02,382.35
300750,2026-07-03,380.0
002736,2026-06-29,10.1
002736,2026-06-30,9.99
002736,2026-07-01,10.43
002736,2026-07-02,10.26
002736,2026-07-03,10.35
600011,2026-06-29,7.09
600011,2026-06-30,7.19
600011,2026-07-01,7.19
600011,2026-07-02,7.21
600011,2026-07-03,7.1
601788,2026-06-29,14.59
601788,2026-06-30,14.43
601788,2026-07-01,15.1
601788,2026-07-02,14.67
601788,2026-07-03,14.94
600031,2026-06-29,18.02
600031,2026-06-30,17.28
600031,2026-07-01,17.43
600031,2026-07-02,17.77
600031,2026-07-03,18.56
600023,2026-06-29,5.28
600023,2026-06-30,5.26
600023,2026-07-01,5.36
600023,2026-07-02,5.46
600023,2026-07-03,5.47
600887,2026-06-29,24.58
600887,2026-06-30,23.96
600887,2026-07-01,24.31
600887,2026-07-02,24.45
600887,2026-07-03,24.6
003816,2026-06-29,3.99
003816,2026-06-30,3.91
003816,2026-07-01,3.88
003816,2026-07-02,3.85
003816,2026-07-03,3.89
601825,2026-06-29,7.85
601825,2026-06-30,7.49
601825,2026-07-01,7.52
601825,2026-07-02,7.57
601825,2026-07-03,7.54
600406,2026-06-29,22.93
600406,2026-06-30,22.85
600406,2026-07-01,22.67
600406,2026-07-02,22.67
600406,2026-07-03,22.89
000651,2026-06-29,37.92
000651,2026-06-30,37.5
000651,2026-07-01,37.46
000651,2026-07-02,38.0
000651,2026-07-03,38.33
002230,2026-06-29,39.46
002230,2026-06-30,40.84
002230,2026-07-01,41.03
002230,2026-07-02,41.08
002230,2026-07-03,41.51
600027,2026-06-29,4.53
600027,2026-06-30,4.45
600027,2026-07-01,4.58
600027,2026-07-02,4.56
600027,2026-07-03,4.54
600089,2026-06-29,22.57
600089,2026-06-30,22.5
600089,2026-07-01,22.26
600089,2026-07-02,21.83
600089,2026-07-03,22.01
300999,2026-06-29,23.69
300999,2026-06-30,23.26
300999,2026-07-01,24.21
300999,2026-07-02,24.05
300999,2026-07-03,24.36
600061,2026-06-29,6.42
600061,2026-06-30,6.4
600061,2026-07-01,6.64
600061,2026-07-02,6.54
600061,2026-07-03,6.57
601059,2026-06-29,16.18
601059,2026-06-30,16.19
601059,2026-07-01,16.75
601059,2026-07-02,16.49
601059,2026-07-03,16.55
002236,2026-06-29,16.0
002236,2026-06-30,16.49
002236,2026-07-01,16.58
002236,2026-07-02,16.51
002236,2026-07-03,16.8
000157,2026-06-29,7.21
000157,2026-06-30,6.97
000157,2026-07-01,7.0
000157,2026-07-02,6.98
000157,2026-07-03,7.17
600886,2026-06-29,13.35
600886,2026-06-30,13.31
600886,2026-07-01,13.39
600886,2026-07-02,13.55
600886,2026-07-03,13.42
002001,2026-06-29,29.45
002001,2026-06-30,28.42
002001,2026-07-01,29.98
002001,2026-07-02,30.22
002001,2026-07-03,30.0
600795,2026-06-29,4.77
600795,2026-06-30,4.67
600795,2026-07-01,4.66
600795,2026-07-02,4.7
600795,2026-07-03,4.72
002311,2026-06-29,44.29
002311,2026-06-30,44.61
002311,2026-07-01,45.99
002311,2026-07-02,45.93
002311,2026-07-03,45.39
688009,2026-06-29,4.86
688009,2026-06-30,4.76
688009,2026-07-01,4.88
688009,2026-07-02,4.92
688009,2026-07-03,4.92
600674,2026-06-29,14.15
600674,2026-06-30,14.17
600674,2026-07-01,14.12
600674,2026-07-02,14.49
600674,2026-07-03,14.58
300628,2026-06-29,33.55
300628,2026-06-30,33.82
300628,2026-07-01,36.7
300628,2026-07-02,34.43
300628,2026-07-03,33.0
002142,2026-06-29,30.76
002142,2026-06-30,29.69
002142,2026-07-01,29.92
002142,2026-07-02,30.4
002142,2026-07-03,30.29
601878,2026-06-29,9.57
601878,2026-06-30,9.5
601878,2026-07-01,9.87
601878,2026-07-02,9.68
601878,2026-07-03,9.75
601628,2026-06-29,35.74
601628,2026-06-30,35.35
601628,2026-07-01,38.78
601628,2026-07-02,38.51
601628,2026-07-03,38.66
601111,2026-06-29,6.21
601111,2026-06-30,6.05
601111,2026-07-01,6.24
601111,2026-07-02,6.15
601111,2026-07-03,6.1
600690,2026-06-29,20.42
600690,2026-06-30,20.41
600690,2026-07-01,20.3
600690,2026-07-02,20.42
600690,2026-07-03,20.58
603288,2026-06-29,34.08
603288,2026-06-30,33.16
603288,2026-07-01,33.48
603288,2026-07-02,33.56
603288,2026-07-03,34.01
601319,2026-06-29,7.0
601319,2026-06-30,6.76
601319,2026-07-01,7.25
601319,2026-07-02,7.22
601319,2026-07-03,7.25
302132,2026-06-29,57.34
302132,2026-06-30,58.32
302132,2026-07-01,58.5
302132,2026-07-02,56.85
302132,2026-07-03,58.71
001280,2026-06-29,67.39
001280,2026-06-30,66.7
001280,2026-07-01,66.8
001280,2026-07-02,65.7
001280,2026-07-03,66.31
000166,2026-06-29,4.46
000166,2026-06-30,4.4
000166,2026-07-01,4.59
000166,2026-07-02,4.52
000166,2026-07-03,4.56
601377,2026-06-29,6.07
601377,2026-06-30,6.04
601377,2026-07-01,6.27
601377,2026-07-02,6.13
601377,2026-07-03,6.17
600029,2026-06-29,5.3
600029,2026-06-30,5.18
600029,2026-07-01,5.35
600029,2026-07-02,5.26
600029,2026-07-03,5.21
601939,2026-06-29,9.83
601939,2026-06-30,9.63
601939,2026-07-01,9.57
601939,2026-07-02,9.6
601939,2026-07-03,9.49
000425,2026-06-29,8.26
000425,2026-06-30,7.9
000425,2026-07-01,7.94
000425,2026-07-02,8.2
000425,2026-07-03,8.42
600958,2026-06-29,9.48
600958,2026-06-30,9.44
600958,2026-07-01,9.76
600958,2026-07-02,9.55
600958,2026-07-03,9.56
601658,2026-06-29,4.97
601658,2026-06-30,4.93
601658,2026-07-01,4.93
601658,2026-07-02,4.96
601658,2026-07-03,4.94
601058,2026-06-29,11.92
601058,2026-06-30,11.53
601058,2026-07-01,11.43
601058,2026-07-02,11.67
601058,2026-07-03,12.28
600025,2026-06-29,8.96
600025,2026-06-30,8.89
600025,2026-07-01,8.99
600025,2026-07-02,9.13
600025,2026-07-03,9.19
601998,2026-06-29,7.13
601998,2026-06-30,6.93
601998,2026-07-01,6.88
601998,2026-07-02,6.96
601998,2026-07-03,6.99
600309,2026-06-29,71.93
600309,2026-06-30,68.41
600309,2026-07-01,68.29
600309,2026-07-02,68.6
600309,2026-07-03,69.18
601456,2026-06-29,8.87
601456,2026-06-30,8.84
601456,2026-07-01,9.2
601456,2026-07-02,8.99
601456,2026-07-03,9.02
603501,2026-06-29,88.3
603501,2026-06-30,94.85
603501,2026-07-01,97.11
603501,2026-07-02,101.27
603501,2026-07-03,102.3
601669,2026-06-29,4.78
601669,2026-06-30,4.7
601669,2026-07-01,4.77
601669,2026-07-02,4.74
601669,2026-07-03,4.78
601985,2026-06-29,9.06
601985,2026-06-30,9.03
601985,2026-07-01,8.84
601985,2026-07-02,8.81
601985,2026-07-03,8.86
601398,2026-06-29,7.22
601398,2026-06-30,7.07
601398,2026-07-01,7.06
601398,2026-07-02,7.05
601398,2026-07-03,7.04
601288,2026-06-29,6.24
601288,2026-06-30,6.07
601288,2026-07-01,6.05
601288,2026-07-02,5.98
601288,2026-07-03,5.9
601988,2026-06-29,5.8
601988,2026-06-30,5.72
601988,2026-07-01,5.65
601988,2026-07-02,5.58
601988,2026-07-03,5.56
600919,2026-06-29,11.13
600919,2026-06-30,10.78
600919,2026-07-01,11.0
600919,2026-07-02,11.25
600919,2026-07-03,11.15
601868,2026-06-29,2.69
601868,2026-06-30,2.67
601868,2026-07-01,2.69
601868,2026-07-02,2.66
601868,2026-07-03,2.66
001965,2026-06-29,9.5
001965,2026-06-30,9.16
001965,2026-07-01,9.11
001965,2026-07-02,9.24
001965,2026-07-03,9.35
600115,2026-06-29,3.95
600115,2026-06-30,3.81
600115,2026-07-01,3.93
600115,2026-07-02,3.86
600115,2026-07-03,3.8
600372,2026-06-29,10.55
600372,2026-06-30,10.85
600372,2026-07-01,11.01
600372,2026-07-02,10.81
600372,2026-07-03,11.24
