symbol,date,close,volume,ma_5,ma_10,ma_20,ma_60,macd_dif,macd_dea,macd_hist,kdj_k,kdj_d,kdj_j,rsi_6,rsi_12,rsi_24,boll_upper,boll_mid,atr_14,adx_14,obv,cci_14,roc_10,willr_14,stoch_k,stoch_d,reversal_3d,ret_fwd_1d,vol_fwd_1d,mdd_fwd_1d,ret_fwd_1d_cs,ret_fwd_1d_bin,ret_fwd_5d,vol_fwd_5d,mdd_fwd_5d,ret_fwd_5d_cs,ret_fwd_5d_bin,ret_fwd_10d,vol_fwd_10d,mdd_fwd_10d,ret_fwd_10d_cs,ret_fwd_10d_bin,ret_fwd_20d,vol_fwd_20d,mdd_fwd_20d,ret_fwd_20d_cs,ret_fwd_20d_bin,ret_fwd_3d,vol_fwd_3d,mdd_fwd_3d,ret_fwd_3d_cs,ret_fwd_3d_bin,cs_rank_close,cs_rank_volume,cs_rank_rsi_6,cs_rank_roc_10,cs_rank_ma_5,cs_zscore_close,cs_zscore_volume,cs_zscore_rsi_6,industry_code,industry_name,ind_rank_rsi_6,ind_rank_turnover,ind_rank_main_flow,sector_momentum_10d,model_score
000975,2026-07-03,19.84,66921637.0,0.11323083822729041,0.0072599887796487295,-0.04119850191899499,-0.21638843544092423,-0.08642407240511073,-0.08281240724320799,-0.007223330323805481,31.7397235119166,28.801144617247818,37.616881301254175,37.5,46.01063829787234,39.57797220792588,0.3914030964520875,-0.04119850191899499,0.06691996688767565,29.79169268649601,1.2091709005689095,-11.526930782842548,-3.313840155945418,-45.909849749582655,26.977985115379184,14.290225107474788,-0.1670588235294117,,,,,,,,,,,,,,,,,,,,,,,,,,0.43478260869565216,0.568561872909699,0.29431438127090304,0.36454849498327757,0.9933110367892977,-0.3168094103123177,-0.12678625316260875,-0.5916573814047692,黄金,贵金属,0.25,,,0.21237458193979933,0.02145783676472651
300450,2026-07-03,39.29,49255498.0,-0.008979468319402217,-0.07830533923528415,-0.11645321971470912,-0.21587802105063403,-0.0716259018439799,-0.06086336390639078,-0.021525075875178268,14.84418930126526,24.390029755979768,-4.247491608163756,14.181523500810329,38.921453692848765,34.46753246753245,0.1661284132568126,-0.11645321971470912,0.07144372342931331,21.97343554831531,1.119099858246748,-92.16079774519233,-5.937275556619593,-91.8604651162791,7.002947515849715,10.376116427347647,0.035117878192534424,,,,,,,,,,,,,,,,,,,,,,,,,,0.6387959866220736,0.44816053511705684,0.033444816053511704,0.20066889632107024,0.2408026755852843,-0.18986819669937793,-0.19311237193686404,-1.8669991845345433,其他专用机械,专用机械,1.0,,,0.15719063545150502,0.015428244528935988
603392,2026-07-03,28.62,6049142.0,0.02713178290887419,0.03101696743286797,-0.010185201230863972,-0.19070240925260995,-0.06762238977600527,-0.07967521835542662,0.024105657158842726,60.921943607560934,44.45436207407836,93.85710667452608,63.028953229398674,47.756410256410284,33.014623172103526,0.45905646291531144,-0.010185201230863972,0.046115796970457035,42.25688342604639,1.051122327150917,47.84516871717351,0.2803083391730969,-20.833333333333336,68.09114818210507,51.6782164129928,-0.06117908787541726,,,,,,,,,,,,,,,,,,,,,,,,,,0.5518394648829431,0.023411371237458192,0.7859531772575251,0.5886287625418061,0.8394648829431438,-0.2595063843214893,-0.355327211289071,0.8045805436898822,体外诊断,医疗器械,0.5,,,0.7474916387959866,0.013453524323949648
600026,2026-07-03,17.37,90738559.0,-0.00412796703336038,-0.09986008192465878,-0.0635866196359155,-0.1641872439111649,-0.03521492785131671,-0.02340604383183437,-0.023617768038964686,16.62252403503347,30.62269634172025,-11.377820578340085,14.146341463414657,47.947327652982196,44.71177944862156,0.34311315406617104,-0.0635866196359155,0.07564699798214002,18.30411926723687,0.9971449214007471,-95.50905531081743,-9.999999999999998,-85.17940717628706,8.81625323492471,16.12160782727606,0.0317725752508361,,,,,,,,,,,,,,,,,,,,,,,,,,0.40468227424749165,0.7157190635451505,0.030100334448160536,0.07023411371237458,0.2809364548494983,-0.3329299654600792,-0.0373675070852019,-1.868923372120792,航运,运输业,0.6666666666666666,,,0.30434782608695654,0.013054103469717753
002938,2026-07-03,96.77,41817304.0,-0.028550203796368634,-0.07955561474803996,-0.09218833551514416,0.1400823517034071,0.022396110826401534,0.052491997831036766,-0.06019177400927047,20.36288701348709,32.10023576800817,-3.111810495555069,23.07506053268763,37.642797436611865,47.53431216086817,0.13472553213737962,-0.09218833551514416,0.09661285854324622,33.43786704047502,0.7018647163871069,-146.75417972831752,-8.274881516587682,-84.66237942122189,10.658955762640446,14.348752923134674,0.08170430821787811,,,,,,,,,,,,,,,,,,,,,,,,,,0.8595317725752508,0.3779264214046823,0.07357859531772576,0.10367892976588629,0.14046822742474915,0.1852773538647237,-0.2210384818078411,-1.3805909256232047,印制电路板,电子元件,0.3333333333333333,,,0.13879598662207357,0.012059648508045879
601898,2026-07-03,12.67,43620081.0,0.007955449402708537,-0.015540015616508085,-0.10730641871998114,-0.20782793552533285,-0.08081836982449189,-0.07336468593329264,-0.014907367782398526,25.33762105171585,18.6846902118003,38.64348273154695,44.943820224719104,27.54010695187165,35.70750237416904,0.26837686871781713,-0.10730641871998114,0.05506988427378355,31.41154997866635,1.2689650898513731,-60.01605320490771,-6.148148148148148,-82.33830845771146,14.920843959474325,11.961283613039257,-0.04022988505747138,,,,,,,,,,,,,,,,,,,,,,,,,,0.3277591973244147,0.3979933110367893,0.44816053511705684,0.1939799331103679,0.5083612040133779,-0.3636047060246456,-0.21427009843751355,-0.18453751197860646,煤炭,煤炭,0.5,,,0.17892976588628762,0.01197367496137743
002532,2026-07-03,11.37,122179966.0,0.03344846382171873,-0.005249343919050853,-0.07402882978467074,-0.2538227638142002,-0.09531438257460242,-0.09404165967624221,-0.0025454457967204,21.972570842932328,15.541292153295036,34.83512822220691,42.60355029585797,35.6223175965665,30.222222222222214,0.2828971267198124,-0.07402882978467074,0.060737707902065625,27.088017419556493,1.1148003923712295,-40.36615315918727,-5.643153526970965,-75.36231884057973,14.768423729040364,10.671959674173896,-0.0596458527493009,,,,,,,,,,,,,,,,,,,,,,,,,,0.3010033444816054,0.7959866220735786,0.3979933110367893,0.22073578595317725,0.8762541806020067,-0.3720892087339938,0.08067676365849041,-0.3125323263477126,铝,工业金属,1.0,,,0.08528428093645485,0.011590159712666944
002648,2026-07-03,24.02,88161709.0,-0.010545394669198127,-0.022225840632491,0.008163522234237996,-0.05555155085399255,0.00026188171342227503,-0.006612968233650683,0.013749699894145916,47.127897043602644,55.16312842868088,31.057434273446177,31.55555555555557,59.037433155080215,54.04172099087353,0.5437486028731902,0.008163522234237996,0.05899792520466723,20.898521170267937,-1.0684730795830806,27.844640041514467,10.946882217090076,-50.52447552447554,58.79953379953378,55.769230769230724,-0.0225627926777352,,,,,,,,,,,,,,,,,,,,,,,,,,0.4983277591973244,0.6956521739130435,0.19063545150501673,0.9096989966555183,0.22408026755852842,-0.2895284708314906,-0.04704208618612711,-0.9167728964190531,其他化学原料,化学原料,0.2,,,0.7993311036789298,0.01153236812376175
002384,2026-07-03,232.73,124201247.0,-0.040415285409593715,-0.049499693693896285,0.010093118836610904,0.19446010296663285,0.045065602127250616,0.053034724248680463,-0.01593824424285969,46.65367615294966,58.674902540603355,22.61122337764226,38.36683658747714,52.55036433776254,52.09942084942084,0.5279353148984296,0.010093118836610904,0.0888241228318185,30.325819573282605,1.2154795115610877,-36.2225158000063,10.303805867576653,-60.9646739130435,39.63160362149136,53.21373111168183,0.11290261101581867,,,,,,,,,,,,,,,,,,,,,,,,,,0.939799331103679,0.8093645484949833,0.3210702341137124,0.8963210702341137,0.11036789297658862,1.072625806451628,0.08826550297963724,-0.5442480690283636,印制电路板,电子元件,0.8333333333333334,,,0.13879598662207357,0.011070474130845913
300803,2026-07-03,87.54,19821061.0,-0.03926776269190213,-0.05366254433263784,-0.01675249772252807,-0.09254098545695977,-0.014202188482537877,-0.020817923553171466,0.013231470141267179,48.433744383558185,60.36603568103115,24.569161788612263,25.768321513002363,54.92491166077739,42.439301434048,0.43394935058037987,-0.01675249772252807,0.05985376314139039,18.004301635938894,-0.678441142064252,-6.869119717291987,11.700905958912852,-54.8623853211009,60.93272171253822,66.3660145167827,0.045052907167012046,,,,,,,,,,,,,,,,,,,,,,,,,,0.8327759197324415,0.17725752508361203,0.11036789297658862,0.919732441471572,0.12040133779264214,0.12503738462835184,-0.3036216328747144,-1.2332902083120623,应用软件,计算机软件,0.5,,,0.9749163879598662,0.011002303937513063
600547,2026-07-03,26.08,156231178.0,0.08576186506720385,0.0691153561913127,0.004661196463474404,-0.1767416901045885,-0.06848878367957942,-0.0746392188780198,0.012300870396880768,38.66904624692674,23.837376820234404,68.33238510031141,71.80527383367138,39.18245264207377,42.479784366576816,0.5155352986911194,0.004661196463474404,0.05080866619738309,37.41448962881188,2.202042036718478,15.01831501831503,-3.0843552582683085,-47.8581979320532,28.60659773510584,17.543508647187124,-0.1294932871372887,,,,,,,,,,,,,,,,,,,,,,,,,,0.5250836120401338,0.8762541806020067,0.8896321070234113,0.3779264214046823,0.979933110367893,-0.27608379730744653,0.2085193404388128,1.2845779631047867,黄金,贵金属,0.75,,,0.21237458193979933,0.010905488334867104
600066,2026-07-03,28.9,30188801.0,0.044905633052104044,0.06129044100248637,0.032862171832781284,-0.08569861803127721,-0.03417948372351057,-0.044227145418627364,0.020095323390233597,67.2099289454269,49.87666333549434,101.876460165292,80.41775456919059,65.7178217821782,40.16203703703705,0.6532132780132187,0.032862171832781284,0.04525985033121932,23.900858293845637,1.3911335642267761,158.90977597575446,10.983102918586788,-6.6465256797583745,64.49177879079954,46.30020568465565,-0.07795598657217462,,,,,,,,,,,,,,,,,,,,,,,,,,0.5585284280936454,0.2809364548494983,0.9565217391304348,0.9130434782608695,0.9264214046822743,-0.2576789529687067,-0.26469677472316255,1.7556145984115235,商用车,交通运输设备,1.0,,,0.7240802675585284,0.010778936343485524
600426,2026-07-03,24.88,40041548.0,0.013607104986001595,-0.013207472374838214,-0.047600819222248125,-0.21566567016086002,-0.06651347648006159,-0.07052739734021714,0.008027841720311082,28.877804933535447,21.951267662512457,42.73087947558143,35.16483516483511,37.12212817412332,34.63875759621875,0.25407658657289267,-0.047600819222248125,0.0561134438079795,33.13710264219984,1.3268240066643129,-49.23406638903125,-2.4696197569580653,-75.5988023952096,21.00798403193611,15.467929485100422,-0.04013377926421402,,,,,,,,,,,,,,,,,,,,,,,,,,0.5150501672240803,0.35451505016722407,0.23411371237458195,0.4214046822742475,0.6555183946488294,-0.28391564596222946,-0.22770541697517432,-0.7193729863066556,其他化学原料,化学原料,0.4,,,0.7993311036789298,0.010776889841247148
002920,2026-07-03,86.48,17002845.0,0.05793697395456632,0.01792671585604566,-0.04263739671053124,-0.1405087907113015,-0.063106231845706,-0.05922839036276655,-0.007755682965878913,42.57132996224715,29.64247928363698,68.42903131946748,45.32100108813929,38.57369255150556,28.85563380281691,0.364551579699052,-0.04263739671053124,0.04741987325953407,37.235670486248274,2.059984699042722,-33.258292333109154,1.1698642957416938,-48.37837837837839,30.001293146615044,21.34696437497985,-0.06110429447852761,,,,,,,,,,,,,,,,,,,,,,,,,,0.8260869565217391,0.1605351170568562,0.45819397993311034,0.6521739130434783,0.9565217391304348,0.11811925164996025,-0.31420240149356804,-0.16390861186684053,汽车电子,汽车零部件与轮胎,1.0,,,0.6287625418060201,0.010709449221583395
000807,2026-07-03,22.42,94677914.0,0.007278281920780172,-0.033287340503911356,-0.09476319299492209,-0.23718145012972736,-0.08300046002343227,-0.07617559513375183,-0.013649729779360876,12.343793729392669,11.20208530845819,14.627210571261621,34.7258485639687,36.14232209737828,36.42891335567258,0.21219798830667955,-0.09476319299492209,0.061003963427777454,22.813054631686114,1.6830631451064122,-72.60053619302923,-7.240380637153495,-88.03894297635601,5.969566974191409,5.538047648380149,-0.012646793134598155,,,,,,,,,,,,,,,,,,,,,,,,,,0.47491638795986624,0.7391304347826086,0.22408026755852842,0.14715719063545152,0.4816053511705686,-0.2999709357045344,-0.022577510944904556,-0.7433821861837676,铝,工业金属,0.5,,,0.08528428093645485,0.010414485458762885
603986,2026-07-03,677.77,62352215.0,-0.10810113722913761,-0.08168463725197517,0.0797072012854474,0.49730923079311284,0.11772920933868193,0.11779402348240299,-0.00012962828744212925,52.17698903698549,72.37226756971597,11.786431971524507,29.48113207547169,62.55911035665414,63.22141925122954,0.5985903004050565,0.0797072012854474,0.08094031709107265,54.50084241733761,-1.403775290216266,-2.2929825854362735,7.75357710651828,-45.645945945945954,64.48060700854187,77.11437204653949,0.16838036809815948,,,,,,,,,,,,,,,,,,,,,,,,,,0.9866220735785953,0.5317725752508361,0.1605351170568562,0.8561872909698997,0.0033444816053511705,3.977197410888785,-0.1439417859194661,-1.0302279491810487,集成电路设计,集成电路,0.2222222222222222,,,0.7023411371237458,0.010110767163697442
600489,2026-07-03,20.34,176753242.0,0.08387509319599928,0.05284952631850248,-0.006787440841506509,-0.14586264097483093,-0.060874124554566554,-0.061233065140060765,0.0007178811709884174,32.15605126365122,22.856637117500945,50.754879555951774,70.77363896848138,36.6421568627451,42.76773296244783,0.4785005148841864,-0.006787440841506509,0.05326923802691134,25.33647316781371,1.9568056341360172,1.3773689237418378,-7.208029197080299,-48.3271375464684,29.18215613382905,17.335955245048257,-0.12686980609418286,,,,,,,,,,,,,,,,,,,,,,,,,,0.43812709030100333,0.8896321070234113,0.8695652173913043,0.1505016722408027,0.9765886287625418,-0.31354614003949144,0.285567803283856,1.2281554490014885,黄金,贵金属,0.5,,,0.21237458193979933,0.010036629031997679
002493,2026-07-03,11.68,89569051.0,0.041183811638332735,0.013712896978500755,0.020265548478313633,-0.02285307946099191,-0.0102394955365162,-0.010718319713986174,0.0009576483549399473,39.339919477039174,39.69642874329271,38.62690094453211,49.315068493150655,50.2970297029703,52.995391705069125,0.6432180338122255,0.020265548478313633,0.06131976834258329,14.750294885621862,1.4932997899979223,-0.20028612303282886,4.192685102586966,-46.11872146118722,38.81278538812788,30.289193302891945,-0.08651162790697664,,,,,,,,,,,,,,,,,,,,,,,,,,0.3076923076923077,0.7090301003344481,0.5317725752508361,0.7658862876254181,0.9130434782608695,-0.3700659811648415,-0.04175833218373882,0.05453623920677328,其他化学原料,化学原料,0.8,,,0.7993311036789298,0.010005617768041257
601600,2026-07-03,8.33,321189294.0,0.004582730221348141,-0.03921568638532691,-0.11791179127252482,-0.24208419271726755,-0.09315902098418076,-0.08164067845508442,-0.023036685058192667,11.968758835033851,10.136329669860105,15.633617165381342,28.037383177570035,23.636363636363598,30.064516129032256,0.19892605508193661,-0.11791179127252482,0.05806839003854681,26.19588145546561,1.5782415143456694,-67.98905608755122,-11.194029850746276,-89.25081433224756,7.600434310532036,6.529435935524018,-0.01338199513381988,,,,,,,,,,,,,,,,,,,,,,,,,,0.21739130434782608,0.9665551839464883,0.14381270903010032,0.05351170568561873,0.42474916387959866,-0.39192989199277717,0.8278415134723989,-1.1091899398059726,铝,工业金属,0.25,,,0.08528428093645485,0.009905843214956531
300413,2026-07-03,15.03,15955459.0,0.010080645093408558,0.0028691531992479646,-0.029978379487561435,-0.17531618371069402,-0.054215140620292,-0.060229402651844684,0.01202852406310537,37.6107975963995,28.79689222307215,55.23860834305421,54.60122699386498,36.12903225806452,32.30994152046783,0.31602065250088845,-0.029978379487561435,0.03430844426564198,54.390072142632,1.0931944409253354,-37.542662116041,-3.2818532818532806,-59.70149253731349,37.97678275290212,32.0932873171679,-0.027341079972658777,,,,,,,,,,,,,,,,,,,,,,,,,,0.36454849498327757,0.14381270903010032,0.6421404682274248,0.36789297658862874,0.5618729096989966,-0.34820207033690587,-0.31813472922168634,0.3436485623967151,视频媒体,数字媒体,1.0,,,0.3377926421404682,0.009857717677908965
600522,2026-07-03,50.22,233480141.0,-0.09265014094289492,-0.1479470648261293,-0.09063747726882254,0.15892307689633256,0.06044998506186958,0.08724048142082591,-0.05358099271791268,21.86096946119549,43.44697506592257,-21.311041748258674,8.53432282003709,44.466347507744295,56.193120468918714,0.28261191074721953,-0.09063747726882254,0.08728313952744013,40.551381943924135,-0.8762676523456772,-106.99009171465708,-11.193633952254638,-84.26013195098965,26.04461200125665,40.80008377840611,0.1723796967699407,,,,,,,,,,,,,,,,,,,,,,,,,,0.7090301003344481,0.939799331103679,0.013377926421404682,0.056856187290969896,0.026755852842809364,-0.11853310853539689,0.49854444978081747,-2.1758577456460855,通信系统设备及组件,通信设备,0.4,,,0.023411371237458192,0.009776693838661787
001979,2026-07-03,6.65,69500353.0,0.014028667121984029,-0.007610804505654323,-0.09462219209058931,-0.19543474763726798,-0.08155225461431326,-0.07543812264286999,-0.012228263942886529,24.165429356136627,16.895940341531933,38.704407385346016,45.833333333333336,16.296296296296333,17.611940298507463,0.26367249087190175,-0.09462219209058931,0.048515493740700966,38.18072591660535,1.634866967421277,-54.9672373705349,-8.275862068965512,-82.08955223880596,15.745790279372384,12.727229238423272,-0.034214618973561484,,,,,,,,,,,,,,,,,,,,,,,,,,0.17391304347826086,0.5785953177257525,0.4682274247491639,0.10033444816053512,0.6588628762541806,-0.40289448010947326,-0.11710466831257034,-0.1358879678333418,商业地产开发和管理,商业地产开发和管理,1.0,,,0.06354515050167224,0.009565420818340725
601238,2026-07-03,5.25,44055800.0,0.018231186769156027,0.0026737965999477087,-0.05174749407536394,-0.1752415365367619,-0.059209644021242853,-0.05954270309175028,0.0006661181410148601,34.28747111655012,24.51370896412562,53.83499542139913,47.272727272727245,22.807017543859644,29.29292929292926,0.28962801076861516,-0.05174749407536394,0.03205157975388969,58.7726481695673,1.7279769581864879,-43.788010425716664,-5.06329113924051,-69.0265486725664,25.958702064896713,22.320550639134677,-0.0334645669291338,,,,,,,,,,,,,,,,,,,,,,,,,,0.11705685618729098,0.4080267558528428,0.48494983277591974,0.24414715719063546,0.7357859531772575,-0.4120316368733866,-0.21263422598421744,-0.05716416003464238,乘用车,乘用车,0.5,,,0.23578595317725753,0.009527048170013555
600845,2026-07-03,18.25,28184002.0,0.04012310492191262,0.04806753568896416,0.019496117478381425,-0.12842758789532716,-0.04635855895624941,-0.05878674942352381,0.0248563809345488,58.498561056914305,42.62930007500967,90.23708302072359,69.69696969696973,50.94736842105264,39.58333333333336,0.6058734649898594,0.019496117478381425,0.04162925350603329,40.63216617651075,1.2877002201796524,87.91372406993797,1.9553072625698404,-29.59501557632397,71.38376694451465,54.334369508292504,-0.09741431148526769,,,,,,,,,,,,,,,,,,,,,,,,,,0.4180602006688963,0.25418060200668896,0.8528428093645485,0.6923076923076923,0.9096989966555183,-0.32718660977990505,-0.2722236336815636,1.1692698983030199,行业应用软件,软件开发,1.0,,,0.5367892976588629,0.009500143709967525
688082,2026-07-03,363.43,10107200.0,-0.09969876832137725,-0.09672721127209105,0.0393305822200507,0.5217216841333412,0.12034776757782432,0.13185159053781056,-0.023007645919972505,38.651553650029584,61.83798994892969,-7.7213189477706266,29.271966527196625,63.18813638092019,66.2216642927842,0.5529186815902235,0.0393305822200507,0.08952305420593336,54.36053815254937,-1.200127367949029,-35.49367219892547,-4.044884488448843,-54.71131508867357,55.414135460287206,70.11120805181937,0.15872685185185187,,,,,,,,,,,,,,,,,,,,,,,,,,0.9665551839464883,0.0802675585284281,0.15384615384615385,0.3210702341137124,0.016722408026755852,1.9256446557684006,-0.3400915541428877,-1.0416677002942494,半导体设备,半导体材料与设备,0.3333333333333333,,,0.8494983277591973,0.009428164481781952
002475,2026-07-03,64.44,205775393.0,-0.015521877306655996,-0.029079403359513645,-0.056121514847980336,-0.02654443922786409,-0.018443700941243413,-0.008713009086420425,-0.01946138370964598,37.55164151618228,42.52842946561613,27.598065617314575,44.32624113475179,43.250688705234154,43.57442686470778,0.2527787120962223,-0.056121514847980336,0.07132620871322169,14.315896111041239,1.0135589514754573,-88.58849418421877,-0.21678538247135426,-63.01369863013697,22.510049415293604,27.440498941127885,0.08465909090909096,,,,,,,,,,,,,,,,,,,,,,,,,,0.7625418060200669,0.9163879598662207,0.431438127090301,0.5551839464882943,0.20066889632107024,-0.02572570197621934,0.39452916910976576,-0.2183143511388119,消费电子组件及零部件,电子终端及组件,0.6666666666666666,,,0.1956521739130435,0.009423908297006565
600104,2026-07-03,10.11,76465056.0,0.024316109318711643,0.010696790861671746,-0.0368217978338663,-0.17990455209648315,-0.062425314577408526,-0.06607396089714605,0.007297292639475052,33.79345705535913,23.30825592683661,54.763859312404165,53.01204819277102,31.999999999999943,17.59530791788852,0.3415216235602375,-0.0368217978338663,0.028644171432902498,64.11473714973044,1.2843800842058126,-29.485562097000344,-3.3460803059273556,-60.11904761904761,28.769841269841304,22.840734534282984,-0.035860655737704805,,,,,,,,,,,,,,,,,,,,,,,,,,0.27424749163879597,0.6086956521739131,0.5953177257525084,0.3612040133779264,0.8193979933110368,-0.38031264982151586,-0.09095624287533065,0.2567326715685466,乘用车,乘用车,0.6666666666666666,,,0.23578595317725753,0.00937372726028373
600346,2026-07-03,17.8,50850814.0,-0.009900990154082745,-0.020902090262876594,0.008441448019463893,-0.10396670922021789,-0.012258105846300915,-0.0189495497216286,0.013382887750655372,45.549278662674254,53.242902643374805,30.162030701273153,40.37558685446008,50.27624309392266,53.90008764241893,0.5460481266768706,0.008441448019463893,0.06180127487616717,19.077155992953834,0.8815727177788057,-59.83272133822873,4.093567251461984,-57.41444866920147,48.40063523478049,54.82932285817001,-0.005081874647091977,,,,,,,,,,,,,,,,,,,,,,,,,,0.4096989966555184,0.451505016722408,0.36789297658862874,0.7625418060200669,0.23076923076923078,-0.33012355302544866,-0.18712288444905079,-0.434384837285052,其他化学原料,化学原料,0.6,,,0.7993311036789298,0.009369815914189557
600188,2026-07-03,17.8,62943221.0,-0.009349955531536613,-0.03192472948105052,-0.13105030637159554,-0.14863766086689234,-0.06684726858149155,-0.04932883144481688,-0.03503687427334933,16.585379372305475,13.772438035047418,22.211262046821588,39.54802259887007,21.72284644194761,38.764044943820224,0.24642389371815246,-0.13105030637159554,0.062115711114322306,25.936302550339114,-0.5653472921314383,-73.93110843050518,-8.152734778121767,-89.77955911823645,9.942439054282714,8.936872494800342,-0.0016882386043894915,,,,,,,,,,,,,,,,,,,,,,,,,,0.4096989966555184,0.5418060200668896,0.34448160535117056,0.11705685618729098,0.23745819397993312,-0.33012355302544866,-0.14172290073168978,-0.47964625434060415,煤炭,煤炭,0.25,,,0.17892976588628762,0.009321738161069779
600460,2026-07-03,47.25,135283656.0,-0.08483439862318753,-0.05545338239534103,0.10370119477456008,0.3758329005651109,0.10312121623282446,0.09452654633292196,0.017189339799804998,56.602413249199415,73.597236427555,22.612766892488253,39.31203931203931,68.61768368617685,64.74702727908604,0.6377303772351258,0.10370119477456008,0.07185835787573043,50.5253876669198,-1.1527784339828144,21.538171383923082,12.957207745637108,-40.17128874388255,72.54852816893903,82.3359171602048,0.13556531284302953,,,,,,,,,,,,,,,,,,,,,,,,,,0.68561872909699,0.8394648829431438,0.3377926421404682,0.9364548494983278,0.05016722408026756,-0.1379169339559846,0.12987352925175455,-0.4925527300507857,分立器件,分立器件,1.0,,,0.9698996655518395,0.009248247769304586
688126,2026-07-03,34.53,197450826.0,-0.10045329028550887,-0.037598595305398774,0.03528917935312337,0.30424929173543913,0.08148114058905276,0.0763688944661832,0.010224492245739139,58.09084311665396,69.56220162705952,35.14812609584283,54.271708683473385,58.57142857142857,58.347592275727216,0.5798200089633321,0.03528917935312337,0.0994837031236129,38.11520388917264,-1.0241958338057031,29.114410766147234,7.236024844720491,-58.1207218419415,61.481020535158684,76.75161751086203,0.13436951616946602,,,,,,,,,,,,,,,,,,,,,,,,,,0.6086956521739131,0.9130434782608695,0.6387959866220736,0.8494983277591973,0.013377926421404682,-0.2209345296966835,0.36327524205834577,0.32562643834612826,半导体材料,半导体材料与设备,1.0,,,0.8327759197324415,0.009184361771820528
300433,2026-07-03,52.42,132989848.0,0.0003053201854763543,-0.017210994056447326,0.0550998842438466,0.3723950151489057,0.0702998099991679,0.07954326692889062,-0.01848691385944543,38.174976202232344,51.29649169187457,11.931945222947888,34.16506717850288,58.663260962111536,62.31404958677686,0.6362379244676858,0.0550998842438466,0.07898764968801138,50.50995477626147,0.5919993669433742,-15.05912729150509,-6.006813699121393,-37.2549019607843,63.123628590041875,66.2380097079202,0.023108460678345044,,,,,,,,,,,,,,,,,,,,,,,,,,0.7190635451505016,0.8260869565217391,0.2140468227424749,0.19732441471571907,0.34782608695652173,-0.10417471933496152,0.12126160890779387,-0.7740526265672308,消费电子组件及零部件,电子终端及组件,0.5,,,0.1956521739130435,0.009137550619023799
002001,2026-07-03,30.0,29813733.0,0.013034375598938608,0.00809839036902793,0.008301683829923023,-0.05550978862134315,-0.0101598214111859,-0.015642086284327502,0.010964529746283199,64.10674840107194,60.26005671724253,71.80013176873076,50.0,63.938315539739044,51.862803075103486,0.5612945318227601,0.008301683829923023,0.04778576852766649,21.898933787754146,-0.6843982116222221,66.62108262108273,7.142857142857143,-28.644501278772406,73.06052855924976,61.892583120204584,-0.05559465165376487,,,,,,,,,,,,,,,,,,,,,,,,,,0.5719063545150501,0.27759197324414714,0.5468227424749164,0.8461538461538461,0.6421404682274248,-0.25049975836848903,-0.2661049378037555,0.0919967389523717,原料药,化学药,1.0,,,0.8294314381270903,0.00911072979698012
000425,2026-07-03,8.42,145401127.0,0.033889980226683436,0.008987417494429328,-0.04751131232494221,-0.1234188746943502,-0.04880711256604178,-0.044452658683669585,-0.008708907764744386,32.00702327788797,24.748405787521694,46.52425825862051,59.57446808510638,34.661354581673294,37.23608445297505,0.33250167317578855,-0.04751131232494221,0.0532740218744047,26.267813256908592,0.7300107235560528,-25.451981668932756,-6.3403781979977785,-57.89473684210527,29.82456140350875,21.442835618887113,-0.06582278481012649,,,,,,,,,,,,,,,,,,,,,,,,,,0.22408026755852842,0.8561872909698997,0.7324414715719063,0.18394648829431437,0.8896321070234113,-0.39134250334366844,0.16785877227747076,0.6156467034812455,工程机械,专用机械,0.6666666666666666,,,0.3210702341137124,0.009097624182640884
601066,2026-07-03,28.32,54580282.0,-0.024994835811299576,-0.01996747070561078,0.04819009545309827,0.17604717472483933,0.04941682366089076,0.047784022374525746,0.0032656025727300178,52.926083348908016,65.32288385692482,28.132482332874417,36.22222222222226,60.27178257394084,60.93489148580968,0.656895238350567,0.04819009545309827,0.049361591975765215,47.45793658029721,-0.7707568928217895,16.084811091136412,13.734939759036152,-46.66666666666666,64.37178322736911,69.33797557775765,0.02579979360165119,,,,,,,,,,,,,,,,,,,,,,,,,,0.5484949832775919,0.4882943143812709,0.27424749163879597,0.9565217391304348,0.15384615384615385,-0.2614643464851851,-0.17312089241599907,-0.6615420248190528,证券公司,证券公司,0.10526315789473684,,,0.8862876254180602,0.009002653403960883
688396,2026-07-03,83.6,40714077.0,-0.08020684344724172,-0.036196804934347404,0.08580806003264163,0.2980301564085239,0.08271388535541015,0.07444550241426459,0.016536765882291093,56.08815538091673,71.79021292973738,24.684040283275436,47.90888722927557,64.76451532519312,61.959053573617744,0.6461559435162799,0.08580806003264163,0.08370527535109187,42.21987400351809,-1.0473099103812036,33.10695044240308,13.602391629297445,-45.19537970017203,66.3225563404958,78.19893648243071,0.1430035879036392,,,,,,,,,,,,,,,,,,,,,,,,,,0.8160535117056856,0.36789297658862874,0.5050167224080268,0.9498327759197325,0.05351170568561873,0.09932281487848119,-0.22518046014487136,-0.022371089994603757,集成电路制造,集成电路,1.0,,,0.8210702341137124,0.008974750371386234
000617,2026-07-03,6.85,73834069.0,0.015717674819733407,-0.009772175464066835,-0.03409571631544939,-0.18453351755520375,-0.05324761252735588,-0.0568870127872206,0.007278800519729444,23.620369126547494,22.156363302320504,26.54838077500147,39.99999999999998,36.691022964509386,34.657622739018095,0.2801556686342941,-0.03409571631544939,0.03995184728012708,38.888487403651325,1.1882598405547493,-51.6609184970049,-4.463040446304048,-70.16197783461213,26.996305768684305,21.31287297527711,-0.039453717754172946,,,,,,,,,,,,,,,,,,,,,,,,,,0.1806020066889632,0.6020066889632107,0.35785953177257523,0.3010033444816054,0.6822742474916388,-0.4015891720003427,-0.10083407505221557,-0.4549265573333422,其他综合性金融服务,其他金融服务,1.0,,,0.25752508361204013,0.008933043018087637
601872,2026-07-03,17.0,151694166.0,-0.01426417725766771,-0.09608124639250903,-0.01099540409500288,-0.032083582484579876,0.01608606618736759,0.024636593152103103,-0.01710105392947103,19.602817937906245,37.14942152947407,-15.490389245229402,8.483754512635358,52.72407732864676,53.29479768786127,0.47940100734020585,-0.01099540409500288,0.0750075334241743,14.945547515603367,1.2475493964706759,-48.103340874069765,-0.8168028004667477,-84.31372549019606,24.891270220311913,34.34002090742126,0.032441661923733656,,,,,,,,,,,,,,,,,,,,,,,,,,0.3879598662207358,0.8695652173913043,0.010033444816053512,0.5083612040133779,0.20735785953177258,-0.3353447854619706,0.19148548845835334,-2.17862344418326,航运,运输业,0.3333333333333333,,,0.30434782608695654,0.00880838257340094
600584,2026-07-03,90.88,178226527.0,-0.09174495303726027,-0.07016718165841163,0.050890967737243775,0.3616001198387653,0.089799240016736,0.08933659097321804,0.000925298087035922,55.84011064480485,71.38380543124431,24.752721071925947,23.194836627672444,61.19402985074626,54.2868239634916,0.5854359749881864,0.050890967737243775,0.08310440890156046,39.04799079364889,-1.1540184223641397,-2.5726958087529828,9.454414067204619,-46.87210379981466,69.23849243126348,78.81299522363534,0.12235634958957031,,,,,,,,,,,,,,,,,,,,,,,,,,0.842809364548495,0.8963210702341137,0.0802675585284281,0.882943143812709,0.030100334448160536,0.14683603005083087,0.29109913505353857,-1.374040091954672,集成电路封测,集成电路,1.0,,,0.9331103678929766,0.00879681649649078
600938,2026-07-03,27.69,63812160.0,0.018389113607267804,-0.011565645783837786,-0.09708975302528444,-0.20532272107740168,-0.08078013866542835,-0.07349623880072527,-0.014567799729406175,15.015997542490854,9.857248962770747,25.333494701931073,48.95833333333336,18.706293706293707,28.200129954515944,0.26432608024445436,-0.09708975302528444,0.037005227095559555,37.461826710871854,1.9316319176586692,-61.16088092571854,-9.804560260586312,-78.13559322033893,10.327478875109849,6.707000257903474,-0.019889502762431066,,,,,,,,,,,,,,,,,,,,,,,,,,0.5384615384615384,0.5451505016722408,0.5284280936454849,0.07692307692307693,0.7424749163879598,-0.26557606702894615,-0.13846053812254341,0.03502556225594459,燃油炼制,石油与天然气,1.0,,,0.04013377926421405,0.008691759242089097
600989,2026-07-03,20.54,64202039.0,-0.002718974606587654,-0.02621722851058572,-0.06034127823503632,-0.20285121056644462,-0.06280635848860837,-0.06480727809116829,0.004001839205119841,14.455090317384848,16.00482062251246,11.355629707129623,30.674846625766904,33.482142857142875,33.0724070450098,0.17856715085512856,-0.06034127823503632,0.04557829052139684,32.849427907894395,0.130195956813992,-78.38044308632527,-4.509530450953056,-86.73469387755101,14.127651060424187,12.530615807330756,-0.01032956222331527,,,,,,,,,,,,,,,,,,,,,,,,,,0.4414715719063545,0.5484949832775919,0.17391304347826086,0.2976588628762542,0.3076923076923077,-0.312240831930361,-0.13699676831627233,-0.9649409195138812,化学原料,化学原料,1.0,,,0.24749163879598662,0.00867386904117508
002837,2026-07-03,71.43,43283993.0,-0.04459365471290189,-0.0900868767790618,-0.03397910539900617,-0.05566046259739854,0.007814920529235155,0.013329658553677872,-0.011029476048885434,23.22061770756052,41.401554257826376,-13.141255392971189,13.542642924086238,47.530864197530875,51.1901129081477,0.40229684863710186,-0.03397910539900617,0.07333578109275331,15.876238259699416,0.9921989471163963,-80.09338945789837,-3.953206938281562,-77.96754910333044,27.067431394470834,37.94490034071248,0.10218702865761686,,,,,,,,,,,,,,,,,,,,,,,,,,0.7859531772575251,0.39464882943143814,0.026755852842809364,0.33444816053511706,0.10033444816053512,0.0198948164378912,-0.21553191419740322,-1.901941051630029,楼宇设备,专用机械,1.0,,,0.2909698996655518,0.008673248994914909
600372,2026-07-03,11.24,54073948.0,0.03195005499155812,0.03147655308511732,0.028691712714163486,-0.06403530693113224,-0.018905962667012735,-0.026304456063687507,0.014796986793349546,63.46174500485587,50.87904001913108,88.62715497630546,61.37931034482761,53.63636363636364,52.021563342318075,0.9158002777904389,0.028691712714163486,0.03145900782448397,18.83999544362718,1.6817443939484373,87.54676643506207,2.367941712204005,-5.494505494505386,66.83516483516483,53.38949938949933,-0.03594470046082954,,,,,,,,,,,,,,,,,,,,,,,,,,0.2976588628762542,0.4816053511705686,0.7658862876254181,0.7157190635451505,0.8695652173913043,-0.3729376590049286,-0.17502188329031765,0.7143577312774942,航空,航空航天,0.6666666666666666,,,0.6705685618729097,0.008629190520897318
001391,2026-07-03,4.23,26868106.0,0.03120429033856542,-0.029148496894847664,-0.09711846337308039,-0.16795069353808778,-0.06778503784283577,-0.055414840608563304,-0.024740394468544917,20.98935063683517,14.645629788213665,33.67679233407818,30.769230769230788,24.81751824817522,24.226804123711332,0.22599675357720256,-0.09711846337308039,0.03094653446544731,40.939206947679224,1.5178094748109872,-61.50362318840575,-8.83620689655171,-72.7272727272727,20.307150563668635,13.935098977117997,-0.06015037593984962,,,,,,,,,,,,,,,,,,,,,,,,,,0.05351170568561873,0.2508361204013378,0.1806020066889632,0.09698996655518395,0.862876254180602,-0.4186887082299521,-0.2771640609243566,-0.9597788308278441,BK1488,跨境物流,1.0,,,0.06020066889632107,0.008582667927382956
002074,2026-07-03,27.05,22274966.0,-0.002728211215059506,-0.03613169900811952,-0.0586884276422428,-0.2057355388311909,-0.06173726694951067,-0.06174657322256972,1.861254611809192e-05,22.396917084473145,26.13435372491427,14.922043803590896,27.065527065527107,27.374301675977662,31.016731016731,0.16476994666320732,-0.0586884276422428,0.04271848404851586,40.42149094873093,0.8367136066811597,-84.23913043478265,-8.953214405923932,-78.66108786610879,21.129707112970745,23.872617387261773,0.016721192293711384,,,,,,,,,,,,,,,,,,,,,,,,,,0.5301003344481605,0.20066889632107024,0.13043478260869565,0.09364548494983277,0.30434782608695654,-0.2697530529781637,-0.29440864103248227,-1.1623430146373661,电池,储能设备,1.0,,,0.15217391304347827,0.008556468141882385
600219,2026-07-03,4.17,228339847.0,0.02306182506794352,-0.015348288308064117,-0.06239460392076568,-0.19521374134995406,-0.06901647458888865,-0.06540793328014503,-0.007217082617487223,20.08564557380846,16.18686812914737,27.883200463130635,38.888888888888886,31.428571428571402,30.56603773584905,0.25647635792977563,-0.06239460392076568,0.046846215528605344,30.600706896147102,1.3302388535019423,-48.82985452245418,-7.947019867549675,-73.46938775510206,18.36734693877552,13.101350190247453,-0.045112781954887105,,,,,,,,,,,,,,,,,,,,,,,,,,0.05016722408026756,0.9297658862876255,0.3311036789297659,0.12374581939799331,0.8060200668896321,-0.41908030066269125,0.4792456233434962,-0.5156958124761981,铝,工业金属,0.75,,,0.08528428093645485,0.008532281423022835
688223,2026-07-03,4.6,123045743.0,-0.025010597917547672,-0.042464613021968356,-0.08036785304270944,-0.24008810585240836,-0.07729096046538039,-0.08085194221713865,0.007121963503516495,16.807882188285234,19.99197942179955,10.439687721256604,29.411764705882348,22.400000000000006,27.338129496402885,0.0836625153211396,-0.08036785304270944,0.05606839329321501,25.6009115151858,-0.8318007897953701,-106.99481865285001,-9.626719056974464,-97.59036144578317,16.867469879518048,20.883534136546142,0.03157894736842115,,,,,,,,,,,,,,,,,,,,,,,,,,0.07023411371237458,0.802675585284281,0.15719063545150502,0.0802675585284281,0.1505016722408027,-0.4162738882280607,0.08392725478923599,-1.0340218122240958,光伏设备,发电设备,0.3333333333333333,,,0.1020066889632107,0.008446730268175525
600160,2026-07-03,49.35,137604778.0,-0.07528856245174453,-0.0016992353642897307,0.131517402642924,0.314988919595645,0.09193786093348018,0.07222759832354272,0.03942052521987491,72.26031569275908,81.7094742530117,53.36199857225381,53.52714835399743,67.76393831553975,64.95357374217232,0.7058366469687309,0.131517402642924,0.07564888495894646,41.87796472718107,-1.4872442449346344,63.11169219275313,20.365853658536587,-40.55321143928738,78.48083498953865,86.08231714322932,0.06904357668364458,,,,,,,,,,,,,,,,,,,,,,,,,,0.705685618729097,0.8461538461538461,0.6120401337792643,0.9765886287625418,0.056856187290969896,-0.12421119881011448,0.13858799784398837,0.2849046993780719,氟化工,化学制品,1.0,,,0.979933110367893,0.008326582624106708
002028,2026-07-03,167.65,16652186.0,0.0029913251510440553,-0.05844757578158433,-0.06048430031404717,-0.14293747763844922,-0.043815108711815993,-0.03289538272266582,-0.021839451978300353,16.731442417477936,22.16378139732388,5.866764457786047,26.971504307488416,46.10559927015624,39.6508279337653,0.24352738499812152,-0.06048430031404717,0.06392912382297425,15.650271856655628,1.4334377729661345,-103.77481288643011,-11.855941114616185,-74.24301242236024,9.488366620850035,8.079461707704274,0.030924855491329395,,,,,,,,,,,,,,,,,,,,,,,,,,0.9297658862876255,0.15384615384615385,0.12709030100334448,0.043478260869565216,0.38461538461538464,0.647878547740568,-0.31551892291815675,-1.1674853383126056,配电设备,电网设备,0.5,,,0.05518394648829431,0.008279737266437387
300316,2026-07-03,51.08,42866084.0,-0.09429412392116221,-0.09911816580072108,-0.04431368515403966,0.0328929630419339,0.03169259635345799,0.03587249640057673,-0.008359800094237486,37.63831786886639,59.422454000708,-5.929954394816832,34.8314606741573,48.859813084112155,50.23713973002555,0.3622535814664759,-0.04431368515403966,0.0839157712378986,22.89431648421959,-1.012082673065098,-89.44329006665451,-5.214325477825204,-73.22654462242564,50.21858057954609,67.87900296821651,0.15430463576158937,,,,,,,,,,,,,,,,,,,,,,,,,,0.7157190635451505,0.391304347826087,0.22742474916387959,0.23745819397993312,0.023411371237458192,-0.1129202836661358,-0.21710092041720203,-0.7376060138405636,光伏设备,发电设备,0.5,,,0.1020066889632107,0.008246737013055746
