symbol,date,trade_date,base_score,base_rank,base_pct,recent_score,recent_rank,recent_pct,risk_flags,event_flags,short_boost,gate_tier,gate_reason,final_rank,arm_rank,arm_score,ret_fwd_3d,ret_fwd_3d_cs,ret_fwd_5d,ret_fwd_5d_cs
000975,2026-06-10,2026-06-10,0.02825725817188266,1,1.0,0.004094120757811134,31,0.9,,,-0.09999999999999998,A_MAIN,"base strong, recent confirms",1,1,-1.0,0.05506822612085771,0.02781894835247722,0.026803118908382162,0.0038183777741089588
600183,2026-06-10,2026-06-10,0.02470591009751904,2,0.9966666666666667,0.02569032316445864,1,1.0,,,0.0033333333333332993,A_MAIN,"base strong, recent confirms",2,2,-2.0,0.1981566820276499,0.17090740425926942,0.22801041875375683,0.20502567761948362
688041,2026-06-10,2026-06-10,0.023499025078487046,3,0.9933333333333333,0.0016101353620920063,58,0.81,,,-0.18333333333333324,A_MAIN,"base strong, recent confirms",3,3,-3.0,0.015422301959701956,-0.011826975808678534,0.13165884626000568,0.10867410512573247
688008,2026-06-10,2026-06-10,0.02258453071661153,4,0.99,-0.0007093025097566255,112,0.63,,,-0.36,A_MAIN,"base strong, recent confirms",4,4,-4.0,0.06764320069960639,0.0403939229312259,0.1801486663751639,0.1571639252408907
000657,2026-06-10,2026-06-10,0.021611412482166283,5,0.9866666666666667,0.010298178958765853,6,0.9833333333333333,,,-0.0033333333333334103,A_MAIN,"base strong, recent confirms",5,5,-5.0,0.18665811417575373,0.15940883640737324,0.2633739576651699,0.2403892165308967
688012,2026-06-10,2026-06-10,0.020842004452971633,6,0.9833333333333333,0.00662961203750843,17,0.9466666666666667,,,-0.036666666666666625,A_MAIN,"base strong, recent confirms",6,6,-6.0,0.05238849300607029,0.0251392152376898,0.18764845605700708,0.16466371492273388
600489,2026-06-10,2026-06-10,0.02042143004917505,7,0.98,0.003790021170369604,36,0.8833333333333333,,,-0.09666666666666668,A_MAIN,"base strong, recent confirms",7,7,-7.0,0.0910852713178294,0.06383599354944891,0.0620155038759691,0.039030762741695896
300476,2026-06-10,2026-06-10,0.02019001392342123,8,0.9766666666666667,0.00016153222558587,80,0.7366666666666667,,,-0.24,A_MAIN,"base strong, recent confirms",8,8,-8.0,0.09217156200073728,0.0649222842323568,0.13371021260906968,0.11072547147479647
688472,2026-06-10,2026-06-10,0.019855014864984123,9,0.9733333333333334,0.0030577273472067405,40,0.87,,,-0.10333333333333339,A_MAIN,"base strong, recent confirms",9,9,-9.0,0.025915996425379895,-0.0013332813430005953,0.0008936550491509543,-0.02209108608512225
300661,2026-06-10,2026-06-10,0.018269981026668283,11,0.9666666666666667,0.0015072666744202282,59,0.8066666666666666,,,-0.16000000000000003,A_MAIN,"base strong, recent confirms",10,10,-10.0,0.21174681619463986,0.18449753842625938,0.2618323512640184,0.23884761012974517
002463,2026-06-10,2026-06-10,0.01801633792666092,13,0.96,0.003948296113363797,33,0.8933333333333333,,,-0.06666666666666665,A_MAIN,"base strong, recent confirms",11,11,-11.0,0.10818690410527143,0.08093762633689094,0.16539279804585938,0.14240805691158617
300408,2026-06-10,2026-06-10,0.017449584212372117,14,0.9566666666666667,0.006089236680791984,19,0.94,,,-0.01666666666666672,A_MAIN,"base strong, recent confirms",12,12,-12.0,0.14122920306920927,0.11397992530082879,0.19949859454531627,0.17651385341104306
603799,2026-06-10,2026-06-10,0.0169540770336437,15,0.9533333333333334,0.01071774617519574,5,0.9866666666666667,,,0.033333333333333326,A_MAIN,"base strong, recent confirms",13,13,-13.0,0.11508520934146849,0.087835931573088,0.09614980012623597,0.07316505899196277
688223,2026-06-10,2026-06-10,0.0167770411088559,16,0.95,0.0038631383064849844,35,0.8866666666666667,,,-0.06333333333333324,A_MAIN,"base strong, recent confirms",14,14,-14.0,0.03929273084479368,0.012043453076413187,0.0,-0.022984741134273203
600875,2026-06-10,2026-06-10,0.016345485106529528,17,0.9466666666666667,0.007774107416758286,12,0.9633333333333334,,,0.01666666666666672,A_MAIN,"base strong, recent confirms",15,15,-15.0,0.05357748389284511,0.026328206124464622,0.10410308579179395,0.08111834465752074
688082,2026-06-10,2026-06-10,0.014157937107480555,18,0.9433333333333334,0.016557880009835716,2,0.9966666666666667,,,0.053333333333333344,A_MAIN,"base strong, recent confirms",16,16,-16.0,0.059859154929577496,0.03260987716119701,0.33362676056338025,0.3106420194291071
600026,2026-06-10,2026-06-10,0.013592654938094506,19,0.94,0.005002016995428422,23,0.9266666666666666,,,-0.013333333333333308,A_MAIN,"base strong, recent confirms",17,17,-17.0,0.07507507507507505,0.04782579730669456,0.15915915915915924,0.13617441802488603
002837,2026-06-10,2026-06-10,0.013171774321289943,21,0.9333333333333333,0.0034283243964635113,37,0.88,,,-0.053333333333333344,A_MAIN,"base strong, recent confirms",18,18,-18.0,0.09011021745606196,0.06286093968768147,0.10768543342269887,0.08470069228842567
301308,2026-06-10,2026-06-10,0.01278383121433267,22,0.93,0.004084420548873095,32,0.8966666666666666,,,-0.03333333333333344,A_MAIN,"base strong, recent confirms",19,19,-19.0,0.049397824397824586,0.022148546629444096,0.12235819735819731,0.0993734562239241
688506,2026-06-10,2026-06-10,0.012254696817563792,24,0.9233333333333333,0.0019619993040638707,50,0.8366666666666667,,,-0.08666666666666667,A_MAIN,"base strong, recent confirms",20,20,-20.0,0.07660957963183446,0.04936030186345397,0.05059987178313041,0.02761513064885721
600118,2026-06-10,2026-06-10,0.011802968078495365,25,0.92,0.0022819221166351772,46,0.85,,,-0.07000000000000006,A_MAIN,"base strong, recent confirms",21,21,-21.0,-0.03549916698705624,-0.06274844475543673,-0.01935153146225821,-0.042336272596531416
603986,2026-06-10,2026-06-10,0.011755203053008418,26,0.9166666666666666,0.001167961540536658,64,0.79,,,-0.1266666666666666,A_MAIN,"base strong, recent confirms",22,22,-22.0,0.1018821096173732,0.07463283184899272,0.3009307135470527,0.2779459724127795
300442,2026-06-10,2026-06-10,0.01158577522318177,27,0.9133333333333333,0.009471516218278919,8,0.9766666666666667,,,0.06333333333333335,A_MAIN,"base strong, recent confirms",23,23,-23.0,0.07227776276681985,0.045028484998439366,0.15077006214536626,0.12778532101109305
600893,2026-06-10,2026-06-10,0.011578811150255944,28,0.91,0.004760544180278142,26,0.9166666666666666,,,0.006666666666666599,A_MAIN,"base strong, recent confirms",24,24,-24.0,0.03404032469232798,0.006791046923947493,0.021733438072794042,-0.0012513030614791608
600346,2026-06-10,2026-06-10,0.011237861560815724,29,0.9066666666666666,0.0042343878452878346,30,0.9033333333333333,,,-0.0033333333333332993,A_MAIN,"base strong, recent confirms",25,25,-25.0,0.09085328422344996,0.06360400645506947,0.049723756906077554,0.02673901577180435
000617,2026-06-10,2026-06-10,0.010921967873665306,30,0.9033333333333333,0.000887258859805568,68,0.7766666666666666,,,-0.1266666666666667,A_MAIN,"base strong, recent confirms",26,26,-26.0,0.03370786516853941,0.006458587400158918,0.0070224719101124045,-0.0159622692241608
600176,2026-06-10,2026-06-10,0.010757482305353078,32,0.8966666666666666,0.0014661611052093318,60,0.8033333333333333,,,-0.09333333333333327,A_MAIN,"base strong, recent confirms",27,27,-27.0,0.20866812758704656,0.18141884981866607,0.30265400535670794,0.27966926422243477
601012,2026-06-10,2026-06-10,0.010643858059801654,34,0.89,0.003873401926755648,34,0.89,,,0.0,A_MAIN,"base strong, recent confirms",28,28,-28.0,-0.024926686217008776,-0.05217596398538926,-0.058651026392961936,-0.08163576752723514
600426,2026-06-10,2026-06-10,0.010636576356595678,35,0.8866666666666667,0.0034280529793842807,38,0.8766666666666667,,,-0.010000000000000009,A_MAIN,"base strong, recent confirms",29,29,-29.0,0.011610486891385774,-0.015638790876994716,-0.04456928838951302,-0.06755402952378622
601872,2026-06-10,2026-06-10,0.01055217276400015,36,0.8833333333333333,0.002490452541165175,44,0.8566666666666667,,,-0.026666666666666616,A_MAIN,"base strong, recent confirms",30,30,-30.0,0.13592233009708732,0.10867305232870683,0.18862690707350915,0.16564216593923595
002460,2026-06-10,2026-06-10,0.010358406879548284,37,0.88,0.007498240099194668,14,0.9566666666666667,,,0.07666666666666666,A_MAIN,"base strong, recent confirms",31,31,-31.0,0.021589934229339525,-0.005659343539040965,-0.008292822419216472,-0.03127756355348968
600547,2026-06-10,2026-06-10,0.010132265381875867,40,0.87,-0.0006544146085937088,108,0.6433333333333333,,,-0.22666666666666668,A_MAIN,"base strong, recent confirms",32,32,-32.0,0.04823747680890533,0.020988199040524843,-0.0014842300556585641,-0.024468971189931767
300450,2026-06-10,2026-06-10,0.01007837252678118,41,0.8666666666666667,0.004969726909145369,24,0.9233333333333333,,,0.05666666666666664,A_MAIN,"base strong, recent confirms",33,33,-33.0,0.18266698587502983,0.15541770810664934,0.1187455111323914,0.0957607699981182
002532,2026-06-10,2026-06-10,0.010011401489285254,42,0.8633333333333333,0.006011803832973698,20,0.9366666666666666,,,0.07333333333333336,A_MAIN,"base strong, recent confirms",34,34,-34.0,-0.05219985085756895,-0.07944912862594944,-0.10141685309470538,-0.12440159422897859
300418,2026-06-10,2026-06-10,0.009313240925455244,46,0.85,0.004656407211721787,28,0.91,,,0.06000000000000005,A_MAIN,"base strong, recent confirms",35,35,-35.0,0.04520844612885755,0.01795916836047706,0.1640498105035193,0.1410650693692461
300274,2026-06-10,2026-06-10,0.009230689284132608,47,0.8466666666666667,-0.0006033404661748937,105,0.6533333333333333,,,-0.19333333333333336,A_MAIN,"base strong, recent confirms",36,36,-36.0,0.03911413969335609,0.011864861924975597,0.0015672913117545928,-0.02141744982251861
300433,2026-06-10,2026-06-10,0.008960513887002202,48,0.8433333333333334,0.013706768784807154,3,0.9933333333333333,,,0.1499999999999999,A_MAIN,"base strong, recent confirms",37,37,-37.0,0.13284910965323338,0.10559983188485289,0.30670103092783507,0.2837162897935619
688183,2026-06-10,2026-06-10,0.008825383974031166,49,0.84,0.001145771689059652,65,0.7866666666666666,,,-0.053333333333333344,A_MAIN,"base strong, recent confirms",38,38,-38.0,0.19628099173553726,0.16903171396715677,0.19232093663911853,0.16933619550484533
300803,2026-06-10,2026-06-10,0.008750526775386335,50,0.8366666666666667,0.009644640086300183,7,0.98,,,0.1433333333333333,A_MAIN,"base strong, recent confirms",39,39,-39.0,0.23133852239377295,0.20408924462539246,0.22189613372463945,0.19891139259036625
000963,2026-06-10,2026-06-10,0.008712623576830199,51,0.8333333333333334,0.002082701956470766,47,0.8466666666666667,,,0.013333333333333308,A_MAIN,"base strong, recent confirms",40,40,-40.0,-0.029866117404737325,-0.05711539517311781,-0.027119807758324677,-0.05010454889259788
002916,2026-06-10,2026-06-10,0.007965617548387533,57,0.8133333333333334,-0.0005488423070579532,104,0.6566666666666666,,,-0.15666666666666673,A_MAIN,"base strong, recent confirms",41,41,-41.0,0.07369204593789869,0.0464427681695182,0.20640153126329208,0.18341679012901888
002074,2026-06-10,2026-06-10,0.007365102582635978,60,0.8033333333333333,0.0017443118680352079,57,0.8133333333333334,,,0.010000000000000009,A_MAIN,"base strong, recent confirms",42,42,-42.0,0.0684303350970017,0.04118105732862121,0.04797178130511459,0.024987040170841388
301236,2026-06-10,2026-06-10,0.0066213870373950405,67,0.78,0.011700216587422077,4,0.99,,,0.20999999999999996,B_SHORT_BOOST,recent model strongly boosts an acceptable base name,43,43,-43.0,-0.021665043816942564,-0.04891432158532305,-0.06134371957156759,-0.0843284607058408
600549,2026-06-10,2026-06-10,0.006614558832832449,68,0.7766666666666666,0.008235843397088436,10,0.97,,,0.19333333333333336,B_SHORT_BOOST,recent model strongly boosts an acceptable base name,44,44,-44.0,0.16266310794780536,0.13541383017942488,0.27387307236061686,0.2508883312263437
600219,2026-06-10,2026-06-10,0.004111788856929023,112,0.63,0.007801403536130098,11,0.9666666666666667,,,0.33666666666666667,B_SHORT_BOOST,recent model strongly boosts an acceptable base name,45,45,-45.0,0.02401746724890841,-0.0032318105194720816,-0.01091703056768556,-0.033901771701958766
601601,2026-06-10,2026-06-10,0.004552596901960734,105,0.6533333333333333,0.007761775757677529,13,0.96,,,0.30666666666666664,B_SHORT_BOOST,recent model strongly boosts an acceptable base name,46,46,-46.0,0.013724266999376011,-0.013525010769004479,-0.06487835308796008,-0.08786309422223329
600160,2026-06-10,2026-06-10,0.004766878486730142,101,0.6666666666666666,0.006883448153564694,15,0.9533333333333334,,,0.28666666666666674,B_SHORT_BOOST,recent model strongly boosts an acceptable base name,47,47,-47.0,0.13902439024390256,0.11177511247552208,0.0760975609756096,0.053112819841336395
000792,2026-06-10,2026-06-10,0.004772214304589997,100,0.67,0.005025001325447847,22,0.93,,,0.26,B_SHORT_BOOST,recent model strongly boosts an acceptable base name,48,48,-48.0,0.024334100624794353,-0.0029151771435861375,-0.021703387043735645,-0.04468812817800885
001280,2026-06-10,2026-06-10,0.0041271217071620235,110,0.6366666666666667,0.004776089877574945,25,0.92,,,0.2833333333333333,B_SHORT_BOOST,recent model strongly boosts an acceptable base name,49,49,-49.0,0.05626160217049825,0.02901232440211776,0.0516921319434529,0.028707390809179698
002466,2026-06-10,2026-06-10,0.0066581953741623075,66,0.7833333333333333,0.004695039154291755,27,0.9133333333333333,,,0.13,B_SHORT_BOOST,recent model strongly boosts an acceptable base name,50,50,-50.0,0.049016393442622874,0.021767115674242384,0.019344262295081904,-0.003640478839191299
601633,2026-06-10,2026-06-10,0.005367105944212851,87,0.7133333333333334,0.004653785246714518,29,0.9066666666666666,,,0.19333333333333325,B_SHORT_BOOST,recent model strongly boosts an acceptable base name,51,51,-51.0,-0.011986301369863117,-0.039235579138243604,0.00742009132420085,-0.015564649810072353
300014,2026-06-10,2026-06-10,0.006594748662265029,69,0.7733333333333333,0.0034079552145316796,39,0.8733333333333333,,,0.09999999999999998,B_SHORT_BOOST,recent model strongly boosts an acceptable base name,52,52,-52.0,0.21379310344827585,0.18654382567989536,0.20980036297640647,0.18681562184213327
601138,2026-06-10,2026-06-10,0.0035597791872164757,120,0.6033333333333334,0.00299883768282381,41,0.8666666666666667,,,0.2633333333333333,B_SHORT_BOOST,recent model strongly boosts an acceptable base name,53,53,-53.0,0.04861910241657097,0.02136982464819048,0.12313003452243954,0.10014529338816633
002353,2026-06-10,2026-06-10,0.007002302399091742,63,0.7933333333333333,0.002852962102850817,42,0.8633333333333333,,,0.06999999999999995,B_SHORT_BOOST,recent model strongly boosts an acceptable base name,54,54,-54.0,0.051720570995103854,0.024471293226723364,0.13247362250879258,0.10948888137451937
300033,2026-06-10,2026-06-10,0.005840438792617027,80,0.7366666666666667,0.002601431158721749,43,0.86,,,0.1233333333333333,B_SHORT_BOOST,recent model strongly boosts an acceptable base name,55,55,-55.0,0.1325113966017406,0.10526211883336012,0.1121529216742645,0.08916818053999129
688072,2026-06-10,2026-06-10,0.018898240177389926,10,0.97,-0.008601296669795118,281,0.06666666666666667,,,-0.9033333333333333,C_DOWNGRADE_OBSERVE,base strong but recent model does not confirm,56,56,-56.0,0.0008088268957833211,-0.02644045087259717,0.12014894623590289,0.09716420510162968
002384,2026-06-10,2026-06-10,0.013483009942700505,20,0.9366666666666666,-0.0056806743552899166,242,0.19666666666666666,,,-0.74,C_DOWNGRADE_OBSERVE,base strong but recent model does not confirm,57,57,-57.0,0.18043509171050753,0.15318581394212705,0.2939001848428835,0.2709154437086103
688256,2026-06-10,2026-06-10,0.010680529497908433,33,0.8933333333333333,-0.008245213230004496,280,0.07,,,-0.8233333333333333,C_DOWNGRADE_OBSERVE,base strong but recent model does not confirm,58,58,-58.0,0.07174251742517423,0.04449323965679375,0.2361295612956129,0.2131448201613397
603893,2026-06-10,2026-06-10,0.010181018682852927,38,0.8766666666666667,-0.007558980248457195,273,0.09333333333333334,,,-0.7833333333333333,C_DOWNGRADE_OBSERVE,base strong but recent model does not confirm,59,59,-59.0,0.0747751124437781,0.047525834675397616,0.1285607196401799,0.10557597850590669
688036,2026-06-10,2026-06-10,0.009942410098131982,43,0.86,-0.00722952046332817,270,0.10333333333333333,,,-0.7566666666666666,C_DOWNGRADE_OBSERVE,base strong but recent model does not confirm,60,60,-60.0,0.02633063757758136,-0.0009186401907991283,0.006394583411698296,-0.016590157722574907
600570,2026-06-10,2026-06-10,0.008372653917148445,54,0.8233333333333334,-0.0035359968882529057,198,0.3433333333333333,,,-0.48000000000000004,C_DOWNGRADE_OBSERVE,base strong but recent model does not confirm,61,61,-61.0,0.07421503330161738,0.0469657555332369,0.05851569933396772,0.03553095819969451
000725,2026-06-10,2026-06-10,0.007823842229547009,58,0.81,-0.01517935145534692,298,0.01,,,-0.8,C_DOWNGRADE_OBSERVE,base strong but recent model does not confirm,62,62,-62.0,0.04671280276816603,0.01946352499978554,0.1332179930795847,0.1102332519453115
600845,2026-06-10,2026-06-10,0.00761930512150104,59,0.8066666666666666,-0.005343175732168795,234,0.22333333333333333,,,-0.5833333333333333,C_DOWNGRADE_OBSERVE,base strong but recent model does not confirm,63,63,-63.0,0.013958682300390768,-0.013290595467989722,-0.0005583472920157595,-0.023543088426288963
300316,2026-06-10,2026-06-10,0.018091805514027517,12,0.9633333333333334,-0.0015143891010446053,141,0.5333333333333333,,,-0.43000000000000005,UNCLASSIFIED,falls between configured gate tiers,64,64,-64.0,0.07173958117354351,0.04449030340516302,0.11735434376943821,0.094369602635165
603260,2026-06-10,2026-06-10,0.012276560408434764,23,0.9266666666666666,-0.001919571411618778,156,0.48333333333333334,,,-0.4433333333333333,UNCLASSIFIED,falls between configured gate tiers,65,65,-65.0,0.232608695652174,0.20535941788379353,0.16908212560386482,0.1460973844695916
688521,2026-06-10,2026-06-10,0.010799867640775016,31,0.9,-0.0009354303431540516,122,0.5966666666666667,,,-0.30333333333333334,UNCLASSIFIED,falls between configured gate tiers,66,66,-66.0,0.08417479108635106,0.05692551331797058,0.19254874651810594,0.16956400538383273
603392,2026-06-10,2026-06-10,0.010173482694784833,39,0.8733333333333333,-0.003048688243166718,184,0.39,,,-0.4833333333333333,UNCLASSIFIED,falls between configured gate tiers,67,67,-67.0,-0.0010369858278603816,-0.02828626359624087,-0.013480815762184628,-0.036465556896457835
000938,2026-06-10,2026-06-10,0.009841038696887652,44,0.8566666666666667,-0.002459596050964858,166,0.45,,,-0.4066666666666667,UNCLASSIFIED,falls between configured gate tiers,68,68,-68.0,0.05891656781336496,0.031667290044984475,0.08540925266903909,0.062424511534765886
000338,2026-06-10,2026-06-10,0.009313904519619049,45,0.8533333333333334,-0.0018290524084318192,155,0.4866666666666667,,,-0.3666666666666667,UNCLASSIFIED,falls between configured gate tiers,69,69,-69.0,0.019586507072905324,-0.007662770695475166,0.0914036996735581,0.0684189585392849
002371,2026-06-10,2026-06-10,0.008665792576800627,52,0.83,-0.0020466872784665633,159,0.47333333333333333,,,-0.35666666666666663,UNCLASSIFIED,falls between configured gate tiers,70,70,-70.0,0.05441568627450999,0.0271664085061295,0.1310431372549019,0.1080583961206287
600460,2026-06-10,2026-06-10,0.008536851223526253,53,0.8266666666666667,-0.003231005917144593,191,0.36666666666666664,,,-0.46,UNCLASSIFIED,falls between configured gate tiers,71,71,-71.0,0.15370705244122962,0.12645777467284913,0.26069921639541893,0.23771447526114572
002558,2026-06-10,2026-06-10,0.008214235692380473,55,0.82,-0.0013316126105962162,136,0.55,,,-0.2699999999999999,UNCLASSIFIED,falls between configured gate tiers,72,72,-72.0,0.026638477801268712,-0.0006107999671117782,0.010570824524312794,-0.012413916609960409
600482,2026-06-10,2026-06-10,0.008038971769068754,56,0.8166666666666667,-0.0028821081847384238,177,0.41333333333333333,,,-0.4033333333333333,UNCLASSIFIED,falls between configured gate tiers,73,73,-73.0,0.0006375518010839354,-0.026611725967296555,0.05546700669429394,0.032482265560020734
300015,2026-06-10,2026-06-10,0.007222402008451966,61,0.8,-0.0015749098196345865,145,0.52,,,-0.28,UNCLASSIFIED,falls between configured gate tiers,74,74,-74.0,-0.015457788347205792,-0.04270706611558628,-0.01664684898929847,-0.039631590123571675
600438,2026-06-10,2026-06-10,0.007105732641698875,62,0.7966666666666666,-0.0016645640070679945,149,0.5066666666666667,,,-0.2899999999999999,UNCLASSIFIED,falls between configured gate tiers,75,75,-75.0,-0.04859154929577458,-0.07584082706415507,-0.09507042253521125,-0.11805516366948446
300896,2026-06-10,2026-06-10,0.00685965016756386,64,0.79,-0.009492912895284027,283,0.06,,,-0.73,UNCLASSIFIED,falls between configured gate tiers,76,76,-76.0,-0.004214393775664571,-0.03146367154404506,-0.012751242705857035,-0.03573598384013024
600233,2026-06-10,2026-06-10,0.006717035509178657,65,0.7866666666666666,-0.0033371755230780535,195,0.35333333333333333,,,-0.4333333333333333,UNCLASSIFIED,falls between configured gate tiers,77,77,-77.0,-0.021828908554572313,-0.0490781863229528,-0.06784660766961648,-0.09083134880388968
603993,2026-06-10,2026-06-10,0.006548831336287451,70,0.77,-0.0030383458222782815,183,0.3933333333333333,,,-0.3766666666666667,UNCLASSIFIED,falls between configured gate tiers,78,78,-78.0,0.15313759355210133,0.12588831578372084,0.1537132987910188,0.1307285576567456
301165,2026-06-10,2026-06-10,0.006505166591951991,71,0.7666666666666667,-0.004947527420260688,221,0.26666666666666666,,,-0.5,UNCLASSIFIED,falls between configured gate tiers,79,79,-79.0,0.12680776014109352,0.09955848237271303,0.1957671957671956,0.17278245463292238
300628,2026-06-10,2026-06-10,0.0064531684157729825,72,0.7633333333333333,-0.011335439800124289,294,0.023333333333333334,,,-0.74,UNCLASSIFIED,falls between configured gate tiers,80,80,-80.0,-0.03130434782608693,-0.05855362559446742,-0.03768115942028982,-0.06066590055456303
000625,2026-06-10,2026-06-10,0.006439198113674723,73,0.76,0.0004150513021426795,73,0.76,,,0.0,UNCLASSIFIED,falls between configured gate tiers,81,81,-81.0,0.012096774193548265,-0.015152503574832225,0.0013440860215052641,-0.02164065511276794
300122,2026-06-10,2026-06-10,0.00632304515355069,74,0.7566666666666667,-0.0035944494685331615,199,0.34,,,-0.4166666666666667,UNCLASSIFIED,falls between configured gate tiers,82,82,-82.0,0.009708737864077666,-0.017540539904302824,-0.012135922330096971,-0.03512066346437018
002475,2026-06-10,2026-06-10,0.006309458683788116,75,0.7533333333333333,-0.0023411836400210563,164,0.45666666666666667,,,-0.29666666666666663,UNCLASSIFIED,falls between configured gate tiers,83,83,-83.0,0.041498916073087644,0.014249638304707154,0.08284298544441016,0.05985824431013695
300498,2026-06-10,2026-06-10,0.006307347685495625,76,0.75,-0.0001730031480711205,90,0.7033333333333334,,,-0.046666666666666634,UNCLASSIFIED,falls between configured gate tiers,84,84,-84.0,0.0031104199066873672,-0.024138857861693123,-0.038880248833592534,-0.06186498996786574
603296,2026-06-10,2026-06-10,0.006191440656135916,77,0.7466666666666667,-0.006914740479808873,265,0.12,,,-0.6266666666666667,UNCLASSIFIED,falls between configured gate tiers,85,85,-85.0,0.011351351351351457,-0.015897926417029033,0.08648648648648649,0.06350174535221328
600372,2026-06-10,2026-06-10,0.006174941964325682,78,0.7433333333333333,-0.004631712119509132,219,0.2733333333333333,,,-0.47,UNCLASSIFIED,falls between configured gate tiers,86,86,-86.0,0.032618825722273925,0.005369547953893435,0.02329916123019582,0.00031442009592261635
601877,2026-06-10,2026-06-10,0.005856348012406958,79,0.74,-0.0005081600600829441,99,0.6733333333333333,,,-0.06666666666666665,UNCLASSIFIED,falls between configured gate tiers,87,87,-87.0,0.028838951310861338,0.0015896735424808482,0.012734082397003688,-0.010250658737269516
600104,2026-06-10,2026-06-10,0.005805596611946513,81,0.7333333333333333,-0.0012584078497996953,132,0.5633333333333334,,,-0.16999999999999993,UNCLASSIFIED,falls between configured gate tiers,88,88,-88.0,-0.020239190432382648,-0.047488468200763134,-0.03771849126034943,-0.060703232394622636
300413,2026-06-10,2026-06-10,0.005678490873682343,82,0.73,-0.005775360628132724,244,0.19,,,-0.54,UNCLASSIFIED,falls between configured gate tiers,89,89,-89.0,0.013392857142857206,-0.013856420625523284,-0.008928571428571508,-0.031913312562844715
601899,2026-06-10,2026-06-10,0.005490445442761952,83,0.7266666666666667,-0.0023898554541154004,165,0.4533333333333333,,,-0.2733333333333334,UNCLASSIFIED,falls between configured gate tiers,90,90,-90.0,0.10830589096231247,0.08105661319393198,0.08635199414562766,0.06336725301135446
302132,2026-06-10,2026-06-10,0.005483387619662249,84,0.7233333333333334,-0.004169728133880492,208,0.31,,,-0.4133333333333334,UNCLASSIFIED,falls between configured gate tiers,91,91,-91.0,0.06394129979035634,0.036692022021975856,0.036512928022361946,0.013528186888088743
000807,2026-06-10,2026-06-10,0.005458263229489549,85,0.72,0.001391615216678719,61,0.8,,,0.08000000000000007,UNCLASSIFIED,falls between configured gate tiers,92,92,-92.0,-0.0679397723099523,-0.09518905007833278,-0.1123760558207858,-0.135360796955059
300251,2026-06-10,2026-06-10,0.005385548712106024,86,0.7166666666666667,-0.0007590865212655864,115,0.62,,,-0.09666666666666668,UNCLASSIFIED,falls between configured gate tiers,93,93,-93.0,0.059144676979072,0.03189539921069151,0.0300272975432212,0.007042556408947995
688396,2026-06-10,2026-06-10,0.005160811293732516,88,0.71,-0.007812749625675252,277,0.08,,,-0.63,UNCLASSIFIED,falls between configured gate tiers,94,94,-94.0,0.13834681897509116,0.11109754120671067,0.16753926701570676,0.14455452588143355
002202,2026-06-10,2026-06-10,0.005128166050407826,89,0.7066666666666667,0.001888004771652121,53,0.8266666666666667,,,0.12,UNCLASSIFIED,falls between configured gate tiers,95,95,-95.0,0.030288689067676344,0.0030394112992958543,0.06436346426881201,0.0413787231345388
601238,2026-06-10,2026-06-10,0.005113727664322807,90,0.7033333333333334,-0.003836387052627337,202,0.33,,,-0.37333333333333335,UNCLASSIFIED,falls between configured gate tiers,96,96,-96.0,0.02086956521739136,-0.0063797125509891285,-0.03826086956521735,-0.061245610699490555
000768,2026-06-10,2026-06-10,0.005090101311548735,91,0.7,-0.0003176378550037746,93,0.6933333333333334,,,-0.006666666666666599,UNCLASSIFIED,falls between configured gate tiers,97,97,-97.0,0.01684311838306063,-0.010406159385319861,-0.009143407122232938,-0.032128148256506145
002714,2026-06-10,2026-06-10,0.005087640257688144,92,0.6966666666666667,-0.002229880152122274,162,0.4633333333333333,,,-0.23333333333333334,UNCLASSIFIED,falls between configured gate tiers,98,98,-98.0,0.026053864168618324,-0.0011954135997621664,-0.01551522248243542,-0.03849996361670863
000988,2026-06-10,2026-06-10,0.005001184093784187,93,0.6933333333333334,-0.005483468488231834,236,0.21666666666666667,,,-0.4766666666666667,UNCLASSIFIED,falls between configured gate tiers,99,99,-99.0,0.09151414309484185,0.06426486532646136,0.18169717138103159,0.15871243024675838
600515,2026-06-10,2026-06-10,0.004988592667767149,94,0.69,-0.0008859390609412442,119,0.6066666666666667,,,-0.08333333333333326,UNCLASSIFIED,falls between configured gate tiers,100,100,-100.0,0.027397260273972712,0.00014798250559222223,-0.023972602739726012,-0.04695734387399922
300866,2026-06-10,2026-06-10,0.004957236362068802,95,0.6866666666666666,-0.000547066816079224,103,0.66,,,-0.026666666666666616,UNCLASSIFIED,falls between configured gate tiers,101,101,-101.0,0.016162157335476435,-0.011087120432904055,0.04571836771140281,0.022733626577129604
000596,2026-06-10,2026-06-10,0.004943770499778941,96,0.6833333333333333,-0.006514057932364863,258,0.14333333333333334,,,-0.54,UNCLASSIFIED,falls between configured gate tiers,102,102,-102.0,-0.0248938855110703,-0.05214316327945079,-0.06263622806011249,-0.0856209691943857
600584,2026-06-10,2026-06-10,0.004871219177542392,97,0.68,-0.013457808770059863,297,0.013333333333333334,,,-0.6666666666666667,UNCLASSIFIED,falls between configured gate tiers,103,103,-103.0,0.06921473245309251,0.04196545468471202,0.15399583043780396,0.13101108930353075
600188,2026-06-10,2026-06-10,0.004853608294542145,98,0.6766666666666666,0.0020056338750865594,49,0.84,,,0.16333333333333333,UNCLASSIFIED,falls between configured gate tiers,104,104,-104.0,-0.09870129870129873,-0.12595057646967922,-0.1610389610389611,-0.1840237021732343
000002,2026-06-10,2026-06-10,0.004814112163211255,99,0.6733333333333333,-0.0016550711770480003,148,0.51,,,-0.16333333333333333,UNCLASSIFIED,falls between configured gate tiers,105,105,-105.0,-0.01602564102564108,-0.043274918794021566,-0.019230769230769273,-0.04221551036504248
688981,2026-06-10,2026-06-10,0.004694952955563188,102,0.6633333333333333,-0.0042617796282792995,210,0.30333333333333334,,,-0.36,UNCLASSIFIED,falls between configured gate tiers,106,106,-106.0,0.021507064364207018,-0.005742213404173472,0.10439560439560425,0.08141086326133104
601136,2026-06-10,2026-06-10,0.00469110519593807,103,0.66,-0.007226723644721214,269,0.10666666666666667,,,-0.5533333333333333,UNCLASSIFIED,falls between configured gate tiers,107,107,-107.0,0.07000736919675754,0.042758091428377054,0.030213706705969123,0.00722896557169592
601698,2026-06-10,2026-06-10,0.004663375991684104,104,0.6566666666666666,-0.005220051959555615,230,0.23666666666666666,,,-0.41999999999999993,UNCLASSIFIED,falls between configured gate tiers,108,108,-108.0,0.0071987480438184814,-0.02005052972456201,-0.033176838810641596,-0.0561615799449148
603369,2026-06-10,2026-06-10,0.004405770989359072,106,0.65,-0.006347756681268861,256,0.15,,,-0.5,UNCLASSIFIED,falls between configured gate tiers,109,109,-109.0,0.011899876897825123,-0.015349400870555367,-0.005334427574887224,-0.028319168709160427
000999,2026-06-10,2026-06-10,0.004331514381267501,107,0.6466666666666666,-0.009528495757050727,285,0.05333333333333334,,,-0.5933333333333333,UNCLASSIFIED,falls between configured gate tiers,110,110,-110.0,-0.018218623481781382,-0.04546790125016187,-0.04939271255060729,-0.0723774536848805
000858,2026-06-10,2026-06-10,0.00422601787473289,108,0.6433333333333333,0.0013687433732068421,62,0.7966666666666666,,,0.15333333333333332,UNCLASSIFIED,falls between configured gate tiers,111,111,-111.0,-0.018298032334879144,-0.04554731010325963,-0.049379621506454585,-0.07236436264072779
601669,2026-06-10,2026-06-10,0.004221626403412743,109,0.64,-0.002541855093501292,170,0.43666666666666665,,,-0.20333333333333337,UNCLASSIFIED,falls between configured gate tiers,112,112,-112.0,0.01684210526315799,-0.010407172505222499,0.040000000000000036,0.017015258865726832
002648,2026-06-10,2026-06-10,0.00411711501196335,111,0.6333333333333333,-0.000908990961740239,121,0.6,,,-0.033333333333333326,UNCLASSIFIED,falls between configured gate tiers,113,113,-113.0,-0.03165654813529928,-0.058905825903679765,-0.06114483954900263,-0.08412958068327583
002028,2026-06-10,2026-06-10,0.004072275220906338,113,0.6266666666666667,-0.0001443422799522476,87,0.7133333333333334,,,0.08666666666666667,UNCLASSIFIED,falls between configured gate tiers,114,114,-114.0,0.014418604651162736,-0.012830673117217754,0.10581395348837197,0.08282921235409876
601998,2026-06-10,2026-06-10,0.003990870858723147,114,0.6233333333333333,-0.002945696813178168,180,0.4033333333333333,,,-0.21999999999999997,UNCLASSIFIED,falls between configured gate tiers,115,115,-115.0,-0.01308900523560208,-0.04033828300398257,-0.048429319371727786,-0.07141406050600099
601916,2026-06-10,2026-06-10,0.003986999020813536,115,0.62,0.0017865829053972083,55,0.82,,,0.19999999999999996,UNCLASSIFIED,falls between configured gate tiers,116,116,-116.0,-0.006493506493506551,-0.03374278426188704,-0.029220779220779147,-0.052205520355052354
600760,2026-06-10,2026-06-10,0.003964470462512427,116,0.6166666666666667,-0.00456698803209789,215,0.2866666666666667,,,-0.33,UNCLASSIFIED,falls between configured gate tiers,117,117,-117.0,0.02066314271984626,-0.006586135048534229,-0.008409418548774528,-0.031394159683047734
600436,2026-06-10,2026-06-10,0.003912866281391923,117,0.6133333333333333,-0.0046079999689787945,217,0.28,,,-0.33333333333333326,UNCLASSIFIED,falls between configured gate tiers,118,118,-118.0,-0.01884241656104768,-0.04609169432942817,-0.04613434727503163,-0.06911908840930484
601607,2026-06-10,2026-06-10,0.0037909270227036145,118,0.61,-0.005532233358814947,237,0.21333333333333335,,,-0.3966666666666666,UNCLASSIFIED,falls between configured gate tiers,119,119,-119.0,-0.005541871921182273,-0.03279114968956276,-0.020320197044334853,-0.04330493817860806
601117,2026-06-10,2026-06-10,0.0036334628038037966,119,0.6066666666666667,-0.00106293733221924,126,0.5833333333333334,,,-0.023333333333333317,UNCLASSIFIED,falls between configured gate tiers,120,120,-120.0,0.017711171662125436,-0.009538106106255054,0.10081743869209814,0.07783269755782493
600362,2026-06-10,2026-06-10,0.0034940325387816155,121,0.6,-0.004803710789219733,220,0.27,,,-0.32999999999999996,UNCLASSIFIED,falls between configured gate tiers,121,121,-121.0,0.1584454409566518,0.13119616318827132,0.3281016442451421,0.3051169031108689
000977,2026-06-10,2026-06-10,0.0034341979863724394,123,0.5933333333333334,0.006696517407469566,16,0.95,,,0.3566666666666666,UNCLASSIFIED,falls between configured gate tiers,122,122,-122.0,0.07710926694329179,0.0498599891749113,0.13520055325034575,0.11221581211607254
600989,2026-06-10,2026-06-10,0.0033622970623747367,125,0.5866666666666667,0.0001406228658623135,81,0.7333333333333333,,,0.1466666666666666,UNCLASSIFIED,falls between configured gate tiers,123,123,-123.0,-0.0409407665505227,-0.06819004431890319,-0.06315331010452963,-0.08613805123880283
600036,2026-06-10,2026-06-10,0.003085468457297863,128,0.5766666666666667,0.0018265641075307462,54,0.8233333333333334,,,0.2466666666666667,UNCLASSIFIED,falls between configured gate tiers,124,124,-124.0,-0.004131164471985471,-0.03138044224036596,-0.03795507358636718,-0.06093981472064039
600011,2026-06-10,2026-06-10,0.0029879948243378366,131,0.5666666666666667,0.0002459647742541564,76,0.75,,,0.18333333333333335,UNCLASSIFIED,falls between configured gate tiers,125,125,-125.0,-0.03549571603427171,-0.0627449938026522,-0.06487148102815177,-0.08785622216242497
601818,2026-06-10,2026-06-10,0.002898898350282915,137,0.5466666666666666,-0.0006651020377696468,110,0.6366666666666667,,,0.09000000000000008,UNCLASSIFIED,falls between configured gate tiers,126,126,-126.0,0.006309148264984188,-0.020940129503396302,-0.028391167192428957,-0.05137590832670216
601800,2026-06-10,2026-06-10,0.0028149432631168463,140,0.5366666666666666,0.00019821251515131648,77,0.7466666666666667,,,0.21000000000000008,UNCLASSIFIED,falls between configured gate tiers,127,127,-127.0,-0.017515923566879033,-0.04476520133525952,-0.027070063694267454,-0.05005480482854066
601901,2026-06-10,2026-06-10,0.002726646185308847,143,0.5266666666666666,-0.0006257051170925773,106,0.65,,,0.1233333333333334,UNCLASSIFIED,falls between configured gate tiers,128,128,-128.0,0.06009244992295826,0.03284317215457777,0.026194144838212585,0.003209403703939382
601127,2026-06-10,2026-06-10,0.00256064424871521,146,0.5166666666666667,-0.0001527673985397314,88,0.71,,,0.19333333333333325,UNCLASSIFIED,falls between configured gate tiers,129,129,-129.0,0.015802687933835546,-0.011446589834544944,-0.04282971496086241,-0.06581445609513562
601166,2026-06-10,2026-06-10,0.002413264088959856,150,0.5033333333333333,0.001922327550586415,51,0.8333333333333334,,,0.33000000000000007,UNCLASSIFIED,falls between configured gate tiers,130,130,-130.0,-0.012028430836522608,-0.039277708604903094,-0.05303444505194088,-0.07601918618621409
600016,2026-06-10,2026-06-10,0.002339437009419957,153,0.49333333333333335,-0.00041964858929586786,97,0.68,,,0.1866666666666667,UNCLASSIFIED,falls between configured gate tiers,131,131,-131.0,0.0056022408963585235,-0.021647036872021966,-0.025210084033613356,-0.04819482516788656
300394,2026-06-10,2026-06-10,0.002313753217857541,154,0.49,0.0004441739405634486,72,0.7633333333333333,,,0.2733333333333333,UNCLASSIFIED,falls between configured gate tiers,132,132,-132.0,0.10445578231292507,0.07720650454454459,0.14489795918367365,0.12191321804940045
600276,2026-06-10,2026-06-10,0.0022319843084570396,157,0.48,0.0020709675901479574,48,0.8433333333333334,,,0.3633333333333334,UNCLASSIFIED,falls between configured gate tiers,133,133,-133.0,0.007875691783737926,-0.019373585984642564,0.03065134099616862,0.007666599861895416
600999,2026-06-10,2026-06-10,0.002169113884715005,159,0.47333333333333333,0.0005739004639920953,70,0.77,,,0.2966666666666667,UNCLASSIFIED,falls between configured gate tiers,134,134,-134.0,0.09802784222737837,0.07077856445899788,0.07772621809744784,0.054741476963174635
601328,2026-06-10,2026-06-10,0.0021052218141741955,164,0.45666666666666667,0.0006654897473640672,69,0.7733333333333333,,,0.31666666666666665,UNCLASSIFIED,falls between configured gate tiers,135,135,-135.0,-0.0028694404591104172,-0.030118718227490907,-0.04160688665710188,-0.06459162779137509
600028,2026-06-10,2026-06-10,0.0019068933591076971,167,0.44666666666666666,-0.0007279211624821216,114,0.6233333333333333,,,0.17666666666666664,UNCLASSIFIED,falls between configured gate tiers,136,136,-136.0,0.03846153846153855,0.011212260693158057,0.0064102564102563875,-0.016574484724016816
600015,2026-06-10,2026-06-10,0.0018025518642465742,169,0.44,0.0004779055849758404,71,0.7666666666666667,,,0.3266666666666667,UNCLASSIFIED,falls between configured gate tiers,137,137,-137.0,-0.00723589001447178,-0.034485167782852266,-0.04052098408104199,-0.0635057252153152
601988,2026-06-10,2026-06-10,0.001761363952810806,172,0.43,-0.0003078397521497651,92,0.6966666666666667,,,0.26666666666666666,UNCLASSIFIED,falls between configured gate tiers,138,138,-138.0,-0.02580645161290329,-0.05305572938128378,-0.06774193548387097,-0.09072667661814418
601728,2026-06-10,2026-06-10,0.0016399476516739755,176,0.4166666666666667,-0.0007862983008735782,117,0.6133333333333333,,,0.1966666666666666,UNCLASSIFIED,falls between configured gate tiers,139,139,-139.0,-0.044871794871794934,-0.07212107264017542,-0.08974358974358987,-0.11272833087786308
601229,2026-06-10,2026-06-10,0.0015919038242691555,178,0.41,-0.0006263108904289128,107,0.6466666666666666,,,0.23666666666666664,UNCLASSIFIED,falls between configured gate tiers,140,140,-140.0,-0.006564551422319487,-0.03381382919069997,-0.032822757111597434,-0.05580749824587064
601377,2026-06-10,2026-06-10,0.0015251700148222827,185,0.38666666666666666,-0.000908802041541553,120,0.6033333333333334,,,0.21666666666666673,UNCLASSIFIED,falls between configured gate tiers,141,141,-141.0,0.04965753424657526,0.022408256478194773,-0.003424657534246478,-0.02640939866851968
601018,2026-06-10,2026-06-10,0.0015227548808684694,186,0.38333333333333336,-0.0004091469758029896,96,0.6833333333333333,,,0.3,UNCLASSIFIED,falls between configured gate tiers,142,142,-142.0,0.0,-0.02724927776838049,-0.01807228915662651,-0.041057030290899715
601077,2026-06-10,2026-06-10,0.0014454927731809065,187,0.38,0.001206416407697917,63,0.7933333333333333,,,0.41333333333333333,UNCLASSIFIED,falls between configured gate tiers,143,143,-143.0,-0.024853801169590684,-0.05210307893797117,-0.08479532163742687,-0.10778006277170007
600900,2026-06-10,2026-06-10,0.0014202630290101705,188,0.37666666666666665,0.00018625383360823945,78,0.7433333333333333,,,0.36666666666666664,UNCLASSIFIED,falls between configured gate tiers,144,144,-144.0,-0.025098601649336638,-0.052347879417717125,-0.04410182861240586,-0.06708656974667906
601009,2026-06-10,2026-06-10,0.0013951999756041072,193,0.36,0.00028302088670522106,74,0.7566666666666667,,,0.3966666666666667,UNCLASSIFIED,falls between configured gate tiers,145,145,-145.0,-0.02443280977312401,-0.051682087541504496,-0.05322862129144856,-0.07621336242572177
000001,2026-06-10,2026-06-10,0.0013252848809423244,196,0.35,0.001909007079194566,52,0.83,,,0.48,UNCLASSIFIED,falls between configured gate tiers,146,146,-146.0,0.0,-0.02724927776838049,-0.038391224862888484,-0.06137596599716169
600919,2026-06-10,2026-06-10,0.0013174250322523018,197,0.3466666666666667,0.00018574189729257987,79,0.74,,,0.3933333333333333,UNCLASSIFIED,falls between configured gate tiers,147,147,-147.0,-0.01952461799660432,-0.04677389576498481,-0.04753820033955847,-0.07052294147383167
000776,2026-06-10,2026-06-10,0.0012784254250087141,199,0.34,-0.0005281493047613841,100,0.67,,,0.33,UNCLASSIFIED,falls between configured gate tiers,148,148,-148.0,0.12271540469973896,0.09546612693135847,0.07780678851174949,0.054822047377476285
600050,2026-06-10,2026-06-10,0.0011503440654743312,206,0.31666666666666665,-2.7444672236328894e-06,84,0.7233333333333334,,,0.40666666666666673,UNCLASSIFIED,falls between configured gate tiers,149,149,-149.0,0.002293577981651307,-0.024955699786729183,-0.01834862385321101,-0.04133336498748422
601668,2026-06-10,2026-06-10,0.0010960415932715617,207,0.31333333333333335,-0.00016830547409962208,89,0.7066666666666667,,,0.3933333333333333,UNCLASSIFIED,falls between configured gate tiers,150,150,-150.0,-0.006329113924050667,-0.03357839169243115,-0.02742616033755274,-0.05041090147182595
601319,2026-06-10,2026-06-10,0.0010782841445553732,209,0.30666666666666664,0.00011366987770634218,82,0.73,,,0.42333333333333334,UNCLASSIFIED,falls between configured gate tiers,151,151,-151.0,0.0326894502228825,0.005440172454502009,-0.011887072808320909,-0.034871813942594115
601318,2026-06-10,2026-06-10,0.0008217041380455817,216,0.2833333333333333,-0.0006591375539230527,109,0.64,,,0.3566666666666667,UNCLASSIFIED,falls between configured gate tiers,152,152,-152.0,0.0066489361702128935,-0.020600341598167596,-0.06193009118541026,-0.08491483231968347
601816,2026-06-10,2026-06-10,0.0007361014393667262,222,0.2633333333333333,-0.00053797872649475,102,0.6633333333333333,,,0.4,UNCLASSIFIED,falls between configured gate tiers,153,153,-153.0,-0.04809619238476959,-0.07534547015315007,-0.08016032064128265,-0.10314506177555585
601766,2026-06-10,2026-06-10,0.0006402218688842936,224,0.25666666666666665,0.0002827901574952173,75,0.7533333333333333,,,0.49666666666666665,UNCLASSIFIED,falls between configured gate tiers,154,154,-154.0,0.0017513134851137035,-0.025497964283266786,-0.019264448336252293,-0.0422491894705255
600018,2026-06-10,2026-06-10,0.0005969782949841599,227,0.24666666666666667,-0.0007023858117163239,111,0.6333333333333333,,,0.3866666666666666,UNCLASSIFIED,falls between configured gate tiers,155,155,-155.0,-0.004024144869215207,-0.031273422637595694,-0.01609657947686116,-0.03908132061113437
600958,2026-06-10,2026-06-10,0.0005788969183343835,229,0.24,-0.0003332412417443926,94,0.69,,,0.44999999999999996,UNCLASSIFIED,falls between configured gate tiers,156,156,-156.0,0.08049886621315183,0.053249588444771345,0.04421768707483009,0.02123294594055689
601881,2026-06-10,2026-06-10,0.0005751674688796118,230,0.23666666666666666,-0.00023889365487874808,91,0.7,,,0.46333333333333326,UNCLASSIFIED,falls between configured gate tiers,157,157,-157.0,0.06772575250836099,0.040476474739980506,0.01086956521739113,-0.012115175916882073
601985,2026-06-10,2026-06-10,0.0005020997961142433,237,0.21333333333333335,-6.996585016337745e-05,85,0.72,,,0.5066666666666666,UNCLASSIFIED,falls between configured gate tiers,158,158,-158.0,0.01206140350877205,-0.01518787425960844,0.0,-0.022984741134273203
002709,2026-06-10,2026-06-10,0.0004955867688613067,238,0.21,0.001111058836246835,66,0.7833333333333333,,,0.5733333333333334,UNCLASSIFIED,falls between configured gate tiers,159,159,-159.0,0.0788278992983904,0.051578621530009916,0.06500206355757321,0.0420173224233
600221,2026-06-10,2026-06-10,0.0004012666713309939,239,0.20666666666666667,-0.0008248657657635685,118,0.61,,,0.4033333333333333,UNCLASSIFIED,falls between configured gate tiers,160,160,-160.0,0.006756756756756799,-0.02049252101162369,-0.020270270270270285,-0.04325501140454349
600887,2026-06-10,2026-06-10,0.00031807747939633984,244,0.19,-8.632616216318043e-05,86,0.7166666666666667,,,0.5266666666666666,UNCLASSIFIED,falls between configured gate tiers,161,161,-161.0,-0.03162827020695036,-0.058877547975330846,-0.052713783678250636,-0.07569852481252384
600690,2026-06-10,2026-06-10,0.0003119366342949761,245,0.18666666666666668,-0.0007177078861931634,113,0.6266666666666667,,,0.44000000000000006,UNCLASSIFIED,falls between configured gate tiers,162,162,-162.0,-0.01847465656087166,-0.04572393432925215,-0.07863571766935107,-0.10162045880362428
601006,2026-06-10,2026-06-10,-0.0002583435931928453,262,0.13,-0.0007775894736700305,116,0.6166666666666667,,,0.4866666666666667,UNCLASSIFIED,falls between configured gate tiers,163,163,-163.0,0.001988071570576455,-0.025261206197804035,-0.017892644135188873,-0.04087738526946208
002938,2026-06-10,2026-06-10,-0.000396619027260595,264,0.12333333333333334,0.0017492031157036393,56,0.8166666666666667,,,0.6933333333333334,UNCLASSIFIED,falls between configured gate tiers,164,164,-164.0,0.025497630331753562,-0.0017516474366269276,0.13658767772511848,0.11360293659084528
002625,2026-06-10,2026-06-10,-0.00047335533498531104,266,0.11666666666666667,-0.00034097716515241026,95,0.6866666666666666,,,0.57,UNCLASSIFIED,falls between configured gate tiers,165,165,-165.0,0.04252400548696844,0.015274727718587951,-0.06310013717421137,-0.08608487830848457
003816,2026-06-10,2026-06-10,-0.0008007576787926159,273,0.09333333333333334,-0.0005285277691326568,101,0.6666666666666666,,,0.5733333333333333,UNCLASSIFIED,falls between configured gate tiers,166,166,-166.0,0.004716981132075304,-0.022532296636305186,-0.037735849056603765,-0.06072059019087697
601600,2026-06-10,2026-06-10,-0.0009414408982486775,278,0.07666666666666666,0.0009629182519186689,67,0.78,,,0.7033333333333334,UNCLASSIFIED,falls between configured gate tiers,167,167,-167.0,-0.02516940948693125,-0.052418687255311736,-0.09196515004840267,-0.11494989118267587
002920,2026-06-10,2026-06-10,-0.001425971797185145,289,0.04,7.326343941254727e-06,83,0.7266666666666667,,,0.6866666666666666,UNCLASSIFIED,falls between configured gate tiers,168,168,-168.0,0.0368507253158632,0.009601447547482708,0.026555919513336468,0.0035711783790632647
000630,2026-06-10,2026-06-10,-0.0023396019638223654,296,0.016666666666666666,0.002407047160992152,45,0.8533333333333334,,,0.8366666666666667,UNCLASSIFIED,falls between configured gate tiers,169,169,-169.0,0.17364341085271318,0.1463941330843327,0.18604651162790709,0.16306177049363388
000063,2026-06-10,2026-06-10,-0.0033939182578009695,298,0.01,-0.000493947107926114,98,0.6766666666666666,,,0.6666666666666666,UNCLASSIFIED,falls between configured gate tiers,170,170,-170.0,0.005025125628140614,-0.022224152140239876,0.0021158423697433815,-0.02086889876452982
601225,2026-06-10,2026-06-10,0.0018460220398017228,168,0.44333333333333336,0.008272084127195553,9,0.9733333333333334,,,0.53,D_OBSERVE,recent strong but base model is weak,171,171,-171.0,-0.09394727070181963,-0.12119654847020012,-0.1470479019680654,-0.1700326431023386
601211,2026-06-10,2026-06-10,0.001580638065708595,179,0.4066666666666667,0.0062842747906322145,18,0.9433333333333334,,,0.5366666666666666,D_OBSERVE,recent strong but base model is weak,172,172,-172.0,0.03310104529616731,0.0058517675277868185,0.0034843205574914826,-0.01950042057678172
601066,2026-06-10,2026-06-10,0.0016191246585666149,177,0.41333333333333333,0.005419180323403192,21,0.9333333333333333,,,0.52,D_OBSERVE,recent strong but base model is weak,173,173,-173.0,0.047173647824318765,0.019924370055938275,0.012606750711671388,-0.010377990422601815
600918,2026-06-10,2026-06-10,0.0034714929848192327,122,0.5966666666666667,-0.006722040119731853,263,0.12666666666666668,,,-0.47,E_REJECT,base and recent are both weak,174,174,-174.0,0.03660886319845846,0.009359585430077973,-0.011560693641618602,-0.03454543477589181
605117,2026-06-10,2026-06-10,0.0034338505151421555,124,0.59,-0.005538706032011041,238,0.21,,,-0.38,E_REJECT,base and recent are both weak,175,175,-175.0,0.012055335968379488,-0.015193941800001002,0.01976284584980248,-0.0032218952844707237
600009,2026-06-10,2026-06-10,0.0033336886798575843,126,0.5833333333333334,-0.0050129206763075106,223,0.26,,,-0.32333333333333336,E_REJECT,base and recent are both weak,176,176,-176.0,0.014066496163682718,-0.013182781604697772,-0.012787723785166238,-0.035772464919439445
688303,2026-06-10,2026-06-10,0.0031008674479590308,127,0.58,-0.0010603777188749944,125,0.5866666666666667,,,0.00666666666666671,E_REJECT,base and recent are both weak,177,177,-177.0,-0.04062072113190329,-0.06786999890028378,-0.12368781378366045,-0.14667255491793366
002304,2026-06-10,2026-06-10,0.00307200177669828,129,0.5733333333333334,-0.005464795225654363,235,0.22,,,-0.3533333333333334,E_REJECT,base and recent are both weak,178,178,-178.0,-0.01291512915129156,-0.04016440691967205,-0.053736162361623596,-0.0767209034958968
600741,2026-06-10,2026-06-10,0.0030507640929293297,130,0.57,-0.005968982013571693,248,0.17666666666666667,,,-0.3933333333333333,E_REJECT,base and recent are both weak,179,179,-179.0,-0.00960960960960966,-0.036858887377990146,-0.022822822822822775,-0.04580756395709598
601186,2026-06-10,2026-06-10,0.002975362517253729,132,0.5633333333333334,-0.0011644864151204915,128,0.5766666666666667,,,0.013333333333333308,E_REJECT,base and recent are both weak,180,180,-180.0,0.0031695721077655836,-0.024079705660614906,-0.0015847860538826808,-0.024569527188155884
002422,2026-06-10,2026-06-10,0.0029513373822463627,133,0.56,-0.0012148151178845148,131,0.5666666666666667,,,0.006666666666666599,E_REJECT,base and recent are both weak,181,181,-181.0,-0.054621848739495715,-0.0818711265078762,-0.05672268907563016,-0.07970743020990337
600196,2026-06-10,2026-06-10,0.002925700578415994,134,0.5566666666666666,-0.005300405105839883,233,0.22666666666666666,,,-0.32999999999999996,E_REJECT,base and recent are both weak,182,182,-182.0,0.003213957759412356,-0.024035320008968134,0.00045913682277309853,-0.022525604311500105
600027,2026-06-10,2026-06-10,0.0029149886730805014,135,0.5533333333333333,-0.0012060049207305765,130,0.57,,,0.016666666666666607,E_REJECT,base and recent are both weak,183,183,-183.0,-0.02564102564102566,-0.05289030340940615,-0.059171597633136286,-0.08215633876740949
600415,2026-06-10,2026-06-10,0.002905195668334071,136,0.55,-0.0032114431806054057,188,0.37666666666666665,,,-0.1733333333333334,E_REJECT,base and recent are both weak,184,184,-184.0,0.06932573599240266,0.04207645822402217,0.0009496676163343043,-0.0220350735179389
002600,2026-06-10,2026-06-10,0.002898060229145443,138,0.5433333333333333,-0.0051436428157987085,227,0.24666666666666667,,,-0.29666666666666663,E_REJECT,base and recent are both weak,185,185,-185.0,0.1511371973587674,0.12388791959038692,0.23404255319148937,0.21105781205721616
601618,2026-06-10,2026-06-10,0.0028974794497313825,139,0.54,-0.001423414886989425,139,0.54,,,0.0,E_REJECT,base and recent are both weak,186,186,-186.0,0.02298850574712641,-0.004260772021254081,0.02298850574712641,3.7646128532055345e-06
600309,2026-06-10,2026-06-10,0.0028109386778518773,141,0.5333333333333333,-0.0029071221151943335,178,0.41,,,-0.12333333333333335,E_REJECT,base and recent are both weak,187,187,-187.0,0.043484735666418306,0.016235457898037816,0.028294862248696928,0.005310121114423725
601939,2026-06-10,2026-06-10,0.0027399973892538376,142,0.53,-0.0013179644724546405,135,0.5533333333333333,,,0.023333333333333317,E_REJECT,base and recent are both weak,188,188,-188.0,-0.04056603773584899,-0.06781531550422948,-0.0641509433962264,-0.08713568453049961
600023,2026-06-10,2026-06-10,0.0026349596405776353,144,0.5233333333333333,-0.0013072651231296722,134,0.5566666666666666,,,0.033333333333333326,E_REJECT,base and recent are both weak,189,189,-189.0,-0.025396825396825418,-0.052646103165205904,-0.08571428571428574,-0.10869902684855895
600522,2026-06-10,2026-06-10,0.002606690991894451,145,0.52,-0.0073822354653568885,272,0.09666666666666666,,,-0.42333333333333334,E_REJECT,base and recent are both weak,190,190,-190.0,0.0990460726608482,0.07179679489246771,0.14775725593667532,0.12477251480240212
000157,2026-06-10,2026-06-10,0.002531783336396626,147,0.5133333333333333,-0.0032196594871759837,189,0.37333333333333335,,,-0.13999999999999996,E_REJECT,base and recent are both weak,191,191,-191.0,0.03978052126200282,0.012531243493622331,0.03978052126200282,0.01679578012772962
600085,2026-06-10,2026-06-10,0.0025117909980180682,148,0.51,-0.009498299406118621,284,0.056666666666666664,,,-0.45333333333333337,E_REJECT,base and recent are both weak,192,192,-192.0,0.0028806584362139898,-0.0243686193321665,-0.03292181069958855,-0.055906551833861756
688047,2026-06-10,2026-06-10,0.0024161801883619913,149,0.5066666666666667,-0.0015599663436175948,144,0.5233333333333333,,,0.016666666666666607,E_REJECT,base and recent are both weak,193,193,-193.0,0.04797700641167357,0.020727728643293083,0.07959319036038037,0.056608449226107166
000708,2026-06-10,2026-06-10,0.002378312526671777,151,0.5,-0.00527938019902463,232,0.23,,,-0.27,E_REJECT,base and recent are both weak,194,194,-194.0,-0.001446131597975353,-0.028695409366355843,-0.021691973969631295,-0.0446767151039045
002736,2026-06-10,2026-06-10,0.0023510682253762814,152,0.49666666666666665,-0.0013804470072919315,137,0.5466666666666666,,,0.04999999999999999,E_REJECT,base and recent are both weak,195,195,-195.0,0.04127966976264186,0.014030391994261367,0.016511867905056876,-0.006472873229216327
601888,2026-06-10,2026-06-10,0.002308768631976828,155,0.4866666666666667,-0.0024974307832825774,168,0.44333333333333336,,,-0.043333333333333335,E_REJECT,base and recent are both weak,196,196,-196.0,0.02438168742325919,-0.0028675903451212993,-0.029468514295737602,-0.05245325543001081
600089,2026-06-10,2026-06-10,0.0022762908042400407,156,0.48333333333333334,-0.0032766150431565466,193,0.36,,,-0.12333333333333335,E_REJECT,base and recent are both weak,197,197,-197.0,0.059780219780219745,0.03253094201183926,0.0250549450549451,0.002070203920671896
601059,2026-06-10,2026-06-10,0.002180910371578859,158,0.4766666666666667,-0.0069551862668372376,266,0.11666666666666667,,,-0.36,E_REJECT,base and recent are both weak,198,198,-198.0,0.057549085985104886,0.030299808216724396,0.04129993229519302,0.018315191160919817
601088,2026-06-10,2026-06-10,0.0021413185990805934,160,0.47,-0.010541993060875908,289,0.04,,,-0.43,E_REJECT,base and recent are both weak,199,199,-199.0,-0.10086699090716844,-0.12811626867554893,-0.12751110171283575,-0.15049584284710896
600000,2026-06-10,2026-06-10,0.002131303303603873,161,0.4666666666666667,-0.0015793563666434381,146,0.5166666666666667,,,0.050000000000000044,E_REJECT,base and recent are both weak,200,200,-200.0,-0.00942408376963344,-0.03667336153801393,-0.04816753926701578,-0.07115228040128899
601628,2026-06-10,2026-06-10,0.002122656241091295,162,0.4633333333333333,-0.0042006593887562015,209,0.30666666666666664,,,-0.15666666666666668,E_REJECT,base and recent are both weak,201,201,-201.0,0.05039324206233631,0.023143964293955818,-0.018351296242353543,-0.04133603737662675
002027,2026-06-10,2026-06-10,0.0021111731381475525,163,0.46,-0.0012041419060471075,129,0.5733333333333334,,,0.11333333333333334,E_REJECT,base and recent are both weak,202,202,-202.0,-0.02621722846441943,-0.053466506232799915,-0.05992509363295884,-0.08290983476723204
601857,2026-06-10,2026-06-10,0.00206265984786307,165,0.4533333333333333,-0.0017063022129202758,152,0.49666666666666665,,,0.043333333333333335,E_REJECT,base and recent are both weak,203,203,-203.0,-0.04050144648023146,-0.06775072424861195,-0.07618129218900671,-0.09916603332327992
000166,2026-06-10,2026-06-10,0.002007263769256652,166,0.45,-0.0014356399511295916,140,0.5366666666666666,,,0.08666666666666661,E_REJECT,base and recent are both weak,204,204,-204.0,0.040723981900452344,0.013474704132071854,-0.002262443438914019,-0.025247184573187222
603019,2026-06-10,2026-06-10,0.0017702568541526943,170,0.43666666666666665,-0.0017305303249854974,153,0.49333333333333335,,,0.0566666666666667,E_REJECT,base and recent are both weak,205,205,-205.0,0.038097578960304634,0.010848301191924144,0.08983654909671879,0.06685180796244558
600941,2026-06-10,2026-06-10,0.0017624466824597694,171,0.43333333333333335,-0.006233287320712104,255,0.15333333333333332,,,-0.28,E_REJECT,base and recent are both weak,206,206,-206.0,-0.031051370219860375,-0.05830064798824086,-0.045014066895904925,-0.06799880803017813
600926,2026-06-10,2026-06-10,0.0017436474527469297,173,0.4266666666666667,-0.001700617908707161,151,0.5,,,0.0733333333333333,E_REJECT,base and recent are both weak,207,207,-207.0,-0.013472137170851162,-0.04072141493923165,-0.042253521126760396,-0.0652382622610336
601868,2026-06-10,2026-06-10,0.0017324087803126348,174,0.42333333333333334,-0.003165998860871996,187,0.38,,,-0.043333333333333335,E_REJECT,base and recent are both weak,208,208,-208.0,0.019011406844106515,-0.008237870924273975,0.049429657794676674,0.02644491666040347
688009,2026-06-10,2026-06-10,0.0016963257620636872,175,0.42,-0.0037433868487353945,200,0.33666666666666667,,,-0.08333333333333331,E_REJECT,base and recent are both weak,209,209,-209.0,0.024640657084188833,-0.002608620684191657,0.012320328542094305,-0.010664412592178898
601360,2026-06-10,2026-06-10,0.0015524885689913036,180,0.4033333333333333,-0.0051372849879687925,226,0.25,,,-0.15333333333333332,E_REJECT,base and recent are both weak,210,210,-210.0,0.03555555555555556,0.008306277787175072,0.0411111111111111,0.018126369976837895
000538,2026-06-10,2026-06-10,0.001549391056083656,181,0.4,-0.005205075805884567,228,0.24333333333333335,,,-0.15666666666666668,E_REJECT,base and recent are both weak,211,211,-211.0,-0.022551928783382746,-0.04980120655176323,-0.04193867457962408,-0.06492341571389729
000333,2026-06-10,2026-06-10,0.0015476338860306287,182,0.39666666666666667,-0.002312926858472546,163,0.46,,,0.06333333333333335,E_REJECT,base and recent are both weak,212,212,-212.0,-0.07486818980667842,-0.1021174675750589,-0.08611599297012296,-0.10910073410439616
601336,2026-06-10,2026-06-10,0.0015400830692827033,183,0.3933333333333333,-0.0016171230552489216,147,0.5133333333333333,,,0.12,E_REJECT,base and recent are both weak,213,213,-213.0,0.04660587639311031,0.019356598624729823,-0.028199932455251653,-0.05118467358952486
600406,2026-06-10,2026-06-10,0.0015311880352022903,184,0.39,-0.003220758343463727,190,0.37,,,-0.020000000000000018,E_REJECT,base and recent are both weak,214,214,-214.0,0.030196936542669528,0.002947658774289038,0.00919037199124717,-0.013794369143026033
601727,2026-06-10,2026-06-10,0.0014130137950530551,189,0.37333333333333335,-0.003016027245047235,181,0.4,,,0.026666666666666672,E_REJECT,base and recent are both weak,215,215,-215.0,0.03808180535966166,0.010832527591281168,0.031029619181946355,0.008044878047673152
600019,2026-06-10,2026-06-10,0.001409682684985533,190,0.37,-0.0009495793355664833,124,0.59,,,0.21999999999999997,E_REJECT,base and recent are both weak,216,216,-216.0,0.0,-0.02724927776838049,-0.029059829059829068,-0.052044570194102274
603288,2026-06-10,2026-06-10,0.001403735132395989,191,0.36666666666666664,-0.0065495258351113556,259,0.14,,,-0.22666666666666663,E_REJECT,base and recent are both weak,217,217,-217.0,-0.01716114019778947,-0.04441041796616996,-0.05642815590459582,-0.07941289703886903
002142,2026-06-10,2026-06-10,0.0013954277150638637,192,0.36333333333333334,-0.01152417720748628,295,0.02,,,-0.3433333333333333,E_REJECT,base and recent are both weak,218,218,-218.0,-0.03866057838660586,-0.06590985615498635,-0.06301369863013695,-0.08599843976441016
601169,2026-06-10,2026-06-10,0.001377179366858818,194,0.3566666666666667,-0.0017522057223460087,154,0.49,,,0.1333333333333333,E_REJECT,base and recent are both weak,219,219,-219.0,-0.0019267822736032114,-0.0291760600419837,-0.034682080924855585,-0.05766682205912879
601838,2026-06-10,2026-06-10,0.0013311881021591972,195,0.35333333333333333,-0.010288901172395181,288,0.043333333333333335,,,-0.31,E_REJECT,base and recent are both weak,220,220,-220.0,-0.011639676113360364,-0.03888895388174085,-0.05566801619433204,-0.07865275732860524
601456,2026-06-10,2026-06-10,0.0012843257529014298,198,0.3433333333333333,-0.0033498553670658193,196,0.35,,,0.006666666666666654,E_REJECT,base and recent are both weak,221,221,-221.0,0.027956989247311714,0.0007077114789312243,-0.013978494623655968,-0.036963235757929175
301269,2026-06-10,2026-06-10,0.0012520936814701827,200,0.33666666666666667,-0.0060469906741017435,251,0.16666666666666666,,,-0.17,E_REJECT,base and recent are both weak,222,222,-222.0,0.03276308968377384,0.005513811915393348,0.07827890098496626,0.05529415985069305
600674,2026-06-10,2026-06-10,0.0012213052195282044,201,0.3333333333333333,-0.001970189880401932,157,0.48,,,0.14666666666666667,E_REJECT,base and recent are both weak,223,223,-223.0,-0.02192134107027721,-0.0491706188386577,-0.07736943907156668,-0.10035418020583989
600061,2026-06-10,2026-06-10,0.0012184451860076436,202,0.33,-0.005262454389292644,231,0.23333333333333334,,,-0.09666666666666668,E_REJECT,base and recent are both weak,224,224,-224.0,0.06785137318255252,0.040602095414172035,0.02746365105008075,0.0044789099158075475
601390,2026-06-10,2026-06-10,0.0011792476059343652,203,0.32666666666666666,-0.002744126494520551,173,0.4266666666666667,,,0.10000000000000003,E_REJECT,base and recent are both weak,225,225,-225.0,0.024663677130045025,-0.0025856006383354647,0.011210762331838486,-0.011773978802434717
600809,2026-06-10,2026-06-10,0.0011783108092696631,204,0.3233333333333333,-0.005710268943844031,243,0.19333333333333333,,,-0.12999999999999998,E_REJECT,base and recent are both weak,226,226,-226.0,-0.01881270903010035,-0.046061986798480836,-0.05284280936454844,-0.07582755049882164
000568,2026-06-10,2026-06-10,0.0011646027210408965,205,0.32,-0.006506183458007955,257,0.14666666666666667,,,-0.17333333333333334,E_REJECT,base and recent are both weak,227,227,-227.0,-0.02573701450631727,-0.052986292274697755,-0.053228825456247075,-0.07621356659052028
000301,2026-06-10,2026-06-10,0.0010884291633136418,208,0.31,-0.0058395419319143774,245,0.18666666666666668,,,-0.12333333333333332,E_REJECT,base and recent are both weak,228,228,-228.0,0.07235142118863047,0.045102143420249985,-0.0017226528854435985,-0.0247073940197168
601689,2026-06-10,2026-06-10,0.0010460099577738928,210,0.30333333333333334,-0.009774024547988227,286,0.05,,,-0.25333333333333335,E_REJECT,base and recent are both weak,229,229,-229.0,-0.010589768654284848,-0.037839046422665334,0.014988595633756763,-0.00799614550051644
002049,2026-06-10,2026-06-10,0.0010275865184724597,211,0.3,-0.0067128762414188975,262,0.13,,,-0.16999999999999998,E_REJECT,base and recent are both weak,230,230,-230.0,0.07406888826659186,0.04681961049821137,0.12559507140856896,0.10261033027429575
603501,2026-06-10,2026-06-10,0.0009178716672786613,212,0.2966666666666667,-0.006214295862751346,254,0.15666666666666668,,,-0.14,E_REJECT,base and recent are both weak,231,231,-231.0,0.0355759070095103,0.00832662924112981,0.05635787249031354,0.033373131356040336
600039,2026-06-10,2026-06-10,0.0008967488498243579,213,0.29333333333333333,-0.005046507516131218,224,0.25666666666666665,,,-0.03666666666666668,E_REJECT,base and recent are both weak,232,232,-232.0,0.0011990407673860837,-0.026050237000994406,-0.008393285371702697,-0.0313780265059759
600585,2026-06-10,2026-06-10,0.0008651931830762037,214,0.29,-0.004129328209807411,206,0.31666666666666665,,,0.026666666666666672,E_REJECT,base and recent are both weak,233,233,-233.0,-0.01830910070005387,-0.04555837846843436,-0.043618739903069415,-0.06660348103734262
002179,2026-06-10,2026-06-10,0.0008287544566144204,215,0.2866666666666667,-0.0058612023127334574,246,0.18333333333333332,,,-0.10333333333333336,E_REJECT,base and recent are both weak,234,234,-234.0,0.044109589041095854,0.016860311272715364,0.11726027397260275,0.09427553283832954
601058,2026-06-10,2026-06-10,0.0008145275615760166,217,0.28,-0.004957184142058351,222,0.2633333333333333,,,-0.01666666666666672,E_REJECT,base and recent are both weak,235,235,-235.0,0.010673234811166,-0.01657604295721449,-0.05582922824302128,-0.07881396937729448
601658,2026-06-10,2026-06-10,0.0008072925743742935,218,0.27666666666666667,-0.0025001186686350726,169,0.44,,,0.16333333333333333,E_REJECT,base and recent are both weak,236,236,-236.0,-0.0117647058823529,-0.039013983650733386,-0.0470588235294116,-0.0700435646636848
600030,2026-06-10,2026-06-10,0.0008039402258380113,219,0.2733333333333333,-0.002480953542223495,167,0.44666666666666666,,,0.17333333333333334,E_REJECT,base and recent are both weak,237,237,-237.0,0.0682085456683652,0.04095926789998472,0.041160329282634134,0.01817558814836093
600660,2026-06-10,2026-06-10,0.0007750024449201628,220,0.27,-0.003502373963884756,197,0.3466666666666667,,,0.07666666666666666,E_REJECT,base and recent are both weak,238,238,-238.0,-0.033581377599694706,-0.06083065536807519,-0.04693760732684593,-0.06992234846111914
001965,2026-06-10,2026-06-10,0.0007372180025202387,221,0.26666666666666666,-0.003986962429864733,204,0.3233333333333333,,,0.05666666666666664,E_REJECT,base and recent are both weak,239,239,-239.0,-0.009221311475409832,-0.03647058924379032,0.006147540983606703,-0.0168372001506665
600010,2026-06-10,2026-06-10,0.0007121571897254887,223,0.26,-0.004542416838755844,214,0.29,,,0.02999999999999997,E_REJECT,base and recent are both weak,240,240,-240.0,0.06926406926406936,0.042014791495688875,0.051948051948051965,0.028963310813778762
600588,2026-06-10,2026-06-10,0.0006334641200251565,225,0.25333333333333335,-0.010926376001781537,291,0.03333333333333333,,,-0.22000000000000003,E_REJECT,base and recent are both weak,241,241,-241.0,0.005050505050504972,-0.022198772717875518,-0.011111111111111183,-0.03409585224538439
688111,2026-06-10,2026-06-10,0.0006037423796333426,226,0.25,-0.003032273737541145,182,0.39666666666666667,,,0.14666666666666667,E_REJECT,base and recent are both weak,242,242,-242.0,0.022618820385569727,-0.004630457382810763,0.037220843672456594,0.01423610253818339
002050,2026-06-10,2026-06-10,0.0005821532808188241,228,0.24333333333333335,-0.006081635606229689,253,0.16,,,-0.08333333333333334,E_REJECT,base and recent are both weak,243,243,-243.0,-0.012475377544320376,-0.03972465531270086,0.0010943313635369822,-0.02189040977073622
000651,2026-06-10,2026-06-10,0.0005445868958484129,231,0.23333333333333334,-0.0015196328034914946,142,0.53,,,0.2966666666666667,E_REJECT,base and recent are both weak,244,244,-244.0,-0.03142857142857147,-0.05867784919695196,-0.046233766233766294,-0.0692185073680395
600930,2026-06-10,2026-06-10,0.0005397231241268173,232,0.23,-0.005659516384682907,241,0.2,,,-0.03,E_REJECT,base and recent are both weak,245,245,-245.0,0.0,-0.02724927776838049,-0.07205623901581726,-0.09504098015009046
601878,2026-06-10,2026-06-10,0.0005317188472026884,233,0.22666666666666666,-0.004271338416663318,211,0.3,,,0.07333333333333333,E_REJECT,base and recent are both weak,246,246,-246.0,0.05088495575221241,0.023635677983831923,0.007743362831858391,-0.015241378302414812
002352,2026-06-10,2026-06-10,0.0005300654528580731,234,0.22333333333333333,-0.00209151661599951,161,0.4666666666666667,,,0.24333333333333335,E_REJECT,base and recent are both weak,247,247,-247.0,-0.054471307893970256,-0.08172058566235074,-0.08097873579959214,-0.10396347693386535
000895,2026-06-10,2026-06-10,0.0005155513477119841,235,0.22,-0.004488739732880498,212,0.2966666666666667,,,0.07666666666666669,E_REJECT,base and recent are both weak,248,248,-248.0,-0.026065370293752665,-0.05331464806213315,-0.057095573024410484,-0.08008031415868369
601919,2026-06-10,2026-06-10,0.0005097061352087448,236,0.21666666666666667,-0.0060640053790922506,252,0.16333333333333333,,,-0.053333333333333344,E_REJECT,base and recent are both weak,249,249,-249.0,0.0007027406886859211,-0.02654653707969457,-0.03021784961349261,-0.053202590747765816
601825,2026-06-10,2026-06-10,0.0003800653107885733,240,0.20333333333333334,-0.01116882572856126,293,0.02666666666666667,,,-0.17666666666666667,E_REJECT,base and recent are both weak,250,250,-250.0,-0.039772727272727404,-0.06702200504110789,-0.06818181818181834,-0.09116655931609155
600905,2026-06-10,2026-06-10,0.0003688657468743733,241,0.2,-0.0011550014663800929,127,0.58,,,0.37999999999999995,E_REJECT,base and recent are both weak,251,251,-251.0,-0.009615384615384581,-0.03686466238376507,-0.021634615384615308,-0.044619356518888514
601788,2026-06-10,2026-06-10,0.0003341006420343991,242,0.19666666666666666,-0.0026841324468710867,172,0.43,,,0.23333333333333334,E_REJECT,base and recent are both weak,252,252,-252.0,0.053084648493543884,0.025835370725163394,0.017934002869440357,-0.005050738264832846
600886,2026-06-10,2026-06-10,0.00033015567880899404,243,0.19333333333333333,-0.001686081487520006,150,0.5033333333333333,,,0.30999999999999994,E_REJECT,base and recent are both weak,253,253,-253.0,-0.014524328249818419,-0.041773606018198906,-0.050835148874364466,-0.07381989000863767
601688,2026-06-10,2026-06-10,0.00010874448761730974,246,0.18333333333333332,-0.0015202658423079253,143,0.5266666666666666,,,0.34333333333333327,E_REJECT,base and recent are both weak,254,254,-254.0,0.060134784862623025,0.03288550709424254,0.013478486262312073,-0.00950625487196113
600938,2026-06-10,2026-06-10,3.685821087506122e-05,247,0.18,-0.005658702971829929,240,0.20333333333333334,,,0.023333333333333345,E_REJECT,base and recent are both weak,255,255,-255.0,-0.07539917208752223,-0.10264844985590271,-0.09225310467179182,-0.11523784580606503
000408,2026-06-10,2026-06-10,3.063901481130093e-05,248,0.17666666666666667,-0.005558230894679542,239,0.20666666666666667,,,0.03,E_REJECT,base and recent are both weak,256,256,-256.0,0.004341534008682979,-0.02290774375969751,0.005394027101697008,-0.017590714032576196
002001,2026-06-10,2026-06-10,-1.0484432007659926e-06,249,0.17333333333333334,-0.0059477002217447495,247,0.18,,,0.006666666666666654,E_REJECT,base and recent are both weak,257,257,-257.0,-0.05984359061543698,-0.08709286838381747,-0.04794287657259433,-0.07092761770686754
600795,2026-06-10,2026-06-10,-2.1813542377467166e-06,250,0.17,-0.0009488639611949247,123,0.5933333333333334,,,0.42333333333333334,E_REJECT,base and recent are both weak,258,258,-258.0,-0.006012024048096198,-0.033261301816476685,-0.05010020040080165,-0.07308494153507486
002493,2026-06-10,2026-06-10,-5.339112980129321e-05,251,0.16666666666666666,-0.0014048258369030178,138,0.5433333333333333,,,0.3766666666666667,E_REJECT,base and recent are both weak,259,259,-259.0,0.08372093023255811,0.056471652464177624,0.04279069767441879,0.019805956540145584
300124,2026-06-10,2026-06-10,-7.540014614940646e-05,252,0.16333333333333333,-0.007025161000280931,268,0.11,,,-0.05333333333333333,E_REJECT,base and recent are both weak,260,260,-260.0,0.01488224245051284,-0.01236703531786765,0.028464094783990923,0.00547935364971772
002602,2026-06-10,2026-06-10,-0.00011017111910416883,253,0.16,-0.0020693567645047716,160,0.47,,,0.30999999999999994,E_REJECT,base and recent are both weak,261,261,-261.0,-0.10351826792963459,-0.13076754569801508,-0.12449255751014887,-0.14747729864442208
001979,2026-06-10,2026-06-10,-0.00012753863832681386,254,0.15666666666666668,-0.002005497297895394,158,0.4766666666666667,,,0.32,E_REJECT,base and recent are both weak,262,262,-262.0,-0.08585247883917779,-0.11310175660755828,-0.12333736396614259,-0.1463221051004158
601021,2026-06-10,2026-06-10,-0.0001415679857435305,255,0.15333333333333332,-0.0051349763610441,225,0.25333333333333335,,,0.10000000000000003,E_REJECT,base and recent are both weak,263,263,-263.0,0.06931818181818183,0.04206890404980135,0.040000000000000036,0.017015258865726832
600025,2026-06-10,2026-06-10,-0.00014563437381373643,256,0.15,-0.001279369135596176,133,0.56,,,0.41000000000000003,E_REJECT,base and recent are both weak,264,264,-264.0,-0.016494845360824795,-0.04374412312920528,-0.04123711340206171,-0.06422185453633492
600600,2026-06-10,2026-06-10,-0.00017065134926859575,257,0.14666666666666667,-0.007809096148977794,275,0.08666666666666667,,,-0.06,E_REJECT,base and recent are both weak,265,265,-265.0,-0.04761904761904767,-0.07486832538742816,-0.11188004613610147,-0.13486478727037468
601995,2026-06-10,2026-06-10,-0.00017570829989656822,258,0.14333333333333334,-0.004081743054964729,205,0.32,,,0.17666666666666667,E_REJECT,base and recent are both weak,266,266,-266.0,0.08036558462023313,0.053116306851852646,0.05263157894736836,0.02964683781309516
600150,2026-06-10,2026-06-10,-0.0001799489935217299,259,0.14,-0.003099225456170144,185,0.38666666666666666,,,0.24666666666666665,E_REJECT,base and recent are both weak,267,267,-267.0,0.04470246734397665,0.01745318957559616,0.049056603773584895,0.02607186263931169
000100,2026-06-10,2026-06-10,-0.00018283106987655555,260,0.13666666666666666,-0.01096854610482577,292,0.03,,,-0.10666666666666666,E_REJECT,base and recent are both weak,268,268,-268.0,0.031042128603104402,0.003792850834723912,0.10864745011086474,0.08566270897659153
601398,2026-06-10,2026-06-10,-0.0002369953656464158,261,0.13333333333333333,-0.004531284262954056,213,0.29333333333333333,,,0.16,E_REJECT,base and recent are both weak,269,269,-269.0,-0.031331592689295085,-0.05858087045767557,-0.06527415143603132,-0.08825889257030453
603259,2026-06-10,2026-06-10,-0.00034384221880584765,263,0.12666666666666668,-0.0028316718748670647,175,0.42,,,0.29333333333333333,E_REJECT,base and recent are both weak,270,270,-270.0,0.011229009992788752,-0.016020267775591738,0.05820541876995988,0.035220677635686676
688271,2026-06-10,2026-06-10,-0.00046032845498184314,265,0.12,-0.007890585875935012,278,0.07666666666666666,,,-0.043333333333333335,E_REJECT,base and recent are both weak,271,271,-271.0,-0.01087150240598822,-0.03812078017436871,-0.07788273035109605,-0.10086747148536926
601898,2026-06-10,2026-06-10,-0.00047886563868087943,267,0.11333333333333333,-0.015451707969666576,299,0.006666666666666667,,,-0.10666666666666666,E_REJECT,base and recent are both weak,272,272,-272.0,-0.12017167381974247,-0.14742095158812296,-0.17228694052728377,-0.19527168166155698
600029,2026-06-10,2026-06-10,-0.0005375341380576013,268,0.11,-0.0033090036494719485,194,0.3566666666666667,,,0.2466666666666667,E_REJECT,base and recent are both weak,273,273,-273.0,0.07370517928286846,0.046455901514487974,0.0537848605577691,0.030800119423495895
002415,2026-06-10,2026-06-10,-0.0005446529425355084,269,0.10666666666666667,-0.00462218848815113,218,0.27666666666666667,,,0.16999999999999998,E_REJECT,base and recent are both weak,274,274,-274.0,0.0740493662441628,0.04680008847578232,0.07738492328218793,0.05440018214791473
002241,2026-06-10,2026-06-10,-0.0005497950640986506,270,0.10333333333333333,-0.00285775103848035,176,0.4166666666666667,,,0.31333333333333335,E_REJECT,base and recent are both weak,275,275,-275.0,0.027728873239436735,0.0004795954710562454,0.052816901408450745,0.02983216027417754
600066,2026-06-10,2026-06-10,-0.0007255507062766604,271,0.1,-0.002639104163481604,171,0.43333333333333335,,,0.33333333333333337,E_REJECT,base and recent are both weak,276,276,-276.0,-0.10644067796610168,-0.13368995573448217,-0.11728813559322038,-0.14027287672749358
002236,2026-06-10,2026-06-10,-0.0007746463920311175,272,0.09666666666666666,-0.007774947696043066,274,0.09,,,-0.006666666666666668,E_REJECT,base and recent are both weak,277,277,-277.0,0.0359848484848484,0.008735570716467907,0.02714646464646453,0.004161723512191327
601111,2026-06-10,2026-06-10,-0.000845241436347949,274,0.09,-0.006001040513274737,250,0.17,,,0.08000000000000002,E_REJECT,base and recent are both weak,278,278,-278.0,0.07214765100671139,0.0448983732383309,0.046979865771812124,0.02399512463753892
600115,2026-06-10,2026-06-10,-0.0008963465306488002,275,0.08666666666666667,-0.0041635754442465815,207,0.31333333333333335,,,0.22666666666666668,E_REJECT,base and recent are both weak,279,279,-279.0,0.08918918918918917,0.06193991142080868,0.059459459459459296,0.03647471832518609
300059,2026-06-10,2026-06-10,-0.0009036344128930025,276,0.08333333333333333,-0.0038384137908108705,203,0.32666666666666666,,,0.24333333333333335,E_REJECT,base and recent are both weak,280,280,-280.0,0.10138248847926268,0.07413321071088219,0.07142857142857162,0.04844383029429841
600519,2026-06-10,2026-06-10,-0.000940254749560188,277,0.08,-0.008189851092872227,279,0.07333333333333333,,,-0.006666666666666668,E_REJECT,base and recent are both weak,281,281,-281.0,-0.018240813135261824,-0.04549009090364231,-0.05003909304143861,-0.07302383417571182
300760,2026-06-10,2026-06-10,-0.0009459093300278807,279,0.07333333333333333,-0.005996119820418192,249,0.17333333333333334,,,0.1,E_REJECT,base and recent are both weak,282,282,-282.0,-0.02709694989106748,-0.054346227659447965,-0.04677287581699352,-0.06975761695126673
300832,2026-06-10,2026-06-10,-0.0009459665978480971,280,0.07,-0.009187238902823346,282,0.06333333333333334,,,-0.006666666666666668,E_REJECT,base and recent are both weak,283,283,-283.0,-0.013257142857142856,-0.04050642062552334,-0.040000000000000036,-0.06298474113427324
601288,2026-06-10,2026-06-10,-0.0009986247639383694,281,0.06666666666666667,-0.0028245026643617262,174,0.42333333333333334,,,0.3566666666666667,E_REJECT,base and recent are both weak,284,284,-284.0,-0.010479041916167553,-0.03772831968454804,-0.046407185628742464,-0.06939192676301567
002594,2026-06-10,2026-06-10,-0.0010051465512159053,282,0.06333333333333334,-0.006757930540728326,264,0.12333333333333334,,,0.06,E_REJECT,base and recent are both weak,285,285,-285.0,-0.0017817371937638438,-0.029031014962144334,-0.018596881959910938,-0.041581623094184145
600031,2026-06-10,2026-06-10,-0.001106614371179401,283,0.06,-0.003784505364672577,201,0.3333333333333333,,,0.2733333333333333,E_REJECT,base and recent are both weak,286,286,-286.0,0.023600439077936297,-0.003648838690444193,0.008232711306257023,-0.01475202982801618
300308,2026-06-10,2026-06-10,-0.001216110942261779,284,0.056666666666666664,-0.006647888768284778,261,0.13333333333333333,,,0.07666666666666666,E_REJECT,base and recent are both weak,287,287,-287.0,0.11040035587188601,0.08315107810350553,0.21697508896797157,0.19399034783369837
300750,2026-06-10,2026-06-10,-0.0012373710299282935,285,0.05333333333333334,-0.00698094117393703,267,0.11333333333333333,,,0.05999999999999999,E_REJECT,base and recent are both weak,288,288,-288.0,0.055808477237048626,0.028559199468668136,0.02446363160648879,0.0014788904722155861
001391,2026-06-10,2026-06-10,-0.001246132582232338,286,0.05,-0.010067655680662167,287,0.04666666666666667,,,-0.003333333333333334,E_REJECT,base and recent are both weak,289,289,-289.0,0.004310344827586299,-0.02293893294079419,-0.053879310344827624,-0.07686405147910083
000425,2026-06-10,2026-06-10,-0.0012501721194006295,287,0.04666666666666667,-0.003116843831880677,186,0.38333333333333336,,,0.33666666666666667,E_REJECT,base and recent are both weak,290,290,-290.0,0.03841807909604511,0.01116880132766462,0.015819209039548143,-0.00716553209472506
600803,2026-06-10,2026-06-10,-0.0012877318407615967,288,0.043333333333333335,-0.007335129573237528,271,0.1,,,0.05666666666666667,E_REJECT,base and recent are both weak,291,291,-291.0,-0.07350521119034559,-0.10075448895872607,-0.10696653867251782,-0.12995127980679103
600111,2026-06-10,2026-06-10,-0.001568943584308805,290,0.03666666666666667,-0.0032527672054551734,192,0.36333333333333334,,,0.32666666666666666,E_REJECT,base and recent are both weak,292,292,-292.0,0.09385521885521864,0.06660594108683815,0.08164983164983153,0.05866509051555832
605499,2026-06-10,2026-06-10,-0.0015881337247324735,291,0.03333333333333333,-0.004606508762542443,216,0.2833333333333333,,,0.25,E_REJECT,base and recent are both weak,293,293,-293.0,-0.06265024038461542,-0.0898995181529959,-0.09405048076923084,-0.11703522190350404
601100,2026-06-10,2026-06-10,-0.0017087895834183146,292,0.03,-0.010657322850783952,290,0.03666666666666667,,,0.006666666666666668,E_REJECT,base and recent are both weak,294,294,-294.0,-0.0490572198187903,-0.07630649758717079,-0.03762958125867277,-0.06061432239294598
300999,2026-06-10,2026-06-10,-0.0017308751140079244,293,0.02666666666666667,-0.00781183999075276,276,0.08333333333333333,,,0.05666666666666666,E_REJECT,base and recent are both weak,295,295,-295.0,0.012464817048652987,-0.014784460719727503,-0.019702452754322586,-0.04268719388859579
300502,2026-06-10,2026-06-10,-0.001759626081588712,294,0.023333333333333334,-0.013190553014856166,296,0.016666666666666666,,,-0.006666666666666668,E_REJECT,base and recent are both weak,296,296,-296.0,0.04372623574144496,0.016476957973064473,0.10547528517110272,0.08249054403682951
002311,2026-06-10,2026-06-10,-0.001796116410219294,295,0.02,-0.0065756914719862485,260,0.13666666666666666,,,0.11666666666666665,E_REJECT,base and recent are both weak,297,297,-297.0,-0.053497942386831365,-0.08074722015521185,-0.058070416095107436,-0.08105515722938064
002230,2026-06-10,2026-06-10,-0.0027710132491664072,297,0.013333333333333334,-0.0029225756369913375,179,0.4066666666666667,,,0.39333333333333337,E_REJECT,base and recent are both weak,298,298,-298.0,0.012012748222603564,-0.015236529545776926,0.04461877911252765,0.021634037978254448
600048,2026-06-10,2026-06-10,-0.003781299182793555,299,0.006666666666666667,-0.0052117499009501425,229,0.24,,,0.23333333333333334,E_REJECT,base and recent are both weak,299,299,-299.0,-0.019417475728155442,-0.04666675349653593,-0.044660194174757306,-0.06764493530903051
688126,2026-06-10,2026-06-10,-0.010359428381899322,300,0.0033333333333333335,-0.016671389539197848,300,0.0033333333333333335,,,0.0,E_REJECT,base and recent are both weak,300,300,-300.0,-0.04461538461538461,-0.0718646623837651,-0.009230769230769154,-0.03221551036504236
