arm,symbol,date,trade_date,base_score,base_rank,base_pct,recent_score,recent_rank,recent_pct,risk_flags,event_flags,short_boost,gate_tier,gate_reason,final_rank,arm_rank,arm_score,ret_fwd_3d,ret_fwd_3d_cs,ret_fwd_5d,ret_fwd_5d_cs
gate_first,600219,2026-04-08,2026-04-08,0.04187475287052908,1,1.0,0.001724785622111021,100,0.67,,,-0.32999999999999996,A_MAIN,"base strong, recent confirms",1,1,-1.0,0.009740259740259605,-0.013328769448540456,0.011363636363636465,-0.014375674938201521
gate_first,688047,2026-04-08,2026-04-08,0.03457503685163069,3,0.9933333333333333,0.0033342442010529352,56,0.8166666666666667,,,-0.17666666666666664,A_MAIN,"base strong, recent confirms",2,2,-2.0,0.07207615593834982,0.049007126749549754,0.0696585071018434,0.04391919580000542
gate_first,002236,2026-04-08,2026-04-08,0.027473076960456068,4,0.99,0.0034826897817459195,53,0.8266666666666667,,,-0.16333333333333333,A_MAIN,"base strong, recent confirms",3,3,-3.0,0.05739644970414215,0.034327420515342086,0.11124260355029603,0.08550329224845804
gate_first,001280,2026-04-08,2026-04-08,0.027164483590349658,5,0.9866666666666667,0.004321550681608813,46,0.85,,,-0.13666666666666671,A_MAIN,"base strong, recent confirms",4,4,-4.0,0.00073891625615774,-0.02233011293264232,0.024261083743842393,-0.0014782275579955928
gate_first,300628,2026-04-08,2026-04-08,0.02659350662715477,6,0.9833333333333333,0.0030050626889711572,66,0.7833333333333333,,,-0.19999999999999996,A_MAIN,"base strong, recent confirms",5,5,-5.0,0.04668674698795172,0.02361771779915166,0.03734939759036138,0.011610086288523391
gate_first,002837,2026-04-08,2026-04-08,0.022922359408234113,8,0.9766666666666667,0.002620032824092046,71,0.7666666666666667,,,-0.20999999999999996,A_MAIN,"base strong, recent confirms",6,6,-6.0,0.17951588078914238,0.15644685160034233,0.14061844130404366,0.11487913000220568
gate_first,300251,2026-04-08,2026-04-08,0.022697465709958228,9,0.9733333333333334,0.008790790347327382,15,0.9533333333333334,,,-0.020000000000000018,A_MAIN,"base strong, recent confirms",7,7,-7.0,0.05897114178168117,0.035902112592881105,0.0018820577164366803,-0.023857253585401306
gate_first,300413,2026-04-08,2026-04-08,0.022059954071492718,10,0.97,0.005969827310439947,27,0.9133333333333333,,,-0.05666666666666664,A_MAIN,"base strong, recent confirms",8,8,-8.0,0.01290014333492584,-0.01016888585387422,0.011466794075489783,-0.014272517226348203
gate_first,600118,2026-04-08,2026-04-08,0.021982552372653282,11,0.9666666666666667,0.002475195303181245,75,0.7533333333333333,,,-0.21333333333333337,A_MAIN,"base strong, recent confirms",9,9,-9.0,0.06647289270820167,0.043403863519401606,0.08037406798938451,0.054634756687546526
gate_first,601021,2026-04-08,2026-04-08,0.021754121384139864,12,0.9633333333333334,0.0024842514829639213,74,0.7566666666666667,,,-0.20666666666666667,A_MAIN,"base strong, recent confirms",10,10,-10.0,-0.003783102143757877,-0.026852131332557937,0.002942412778478287,-0.0227968985233597
gate_first,603799,2026-04-08,2026-04-08,0.0210638935350356,13,0.96,0.010388919677036212,10,0.97,,,0.010000000000000009,A_MAIN,"base strong, recent confirms",11,11,-11.0,0.08103068316663853,0.057961653977838465,0.10764536362095267,0.08190605231911469
gate_first,300274,2026-04-08,2026-04-08,0.020756745422748867,14,0.9566666666666667,0.02088428325191872,2,0.9966666666666667,,,0.040000000000000036,A_MAIN,"base strong, recent confirms",12,12,-12.0,0.12653193734274826,0.1034629081539482,0.08156805454102756,0.05582874323918957
gate_first,600549,2026-04-08,2026-04-08,0.019776965021661142,15,0.9533333333333334,0.010521941329223428,9,0.9733333333333334,,,0.020000000000000018,A_MAIN,"base strong, recent confirms",13,13,-13.0,0.0031023784901758056,-0.019966650698624255,0.059806963116166845,0.03406765181432886
gate_first,600515,2026-04-08,2026-04-08,0.019194570808393065,16,0.95,0.0038735875932892337,51,0.8333333333333334,,,-0.11666666666666659,A_MAIN,"base strong, recent confirms",14,14,-14.0,0.01939058171745156,-0.0036784474713484998,0.005540166204986097,-0.02019914509685189
gate_first,300316,2026-04-08,2026-04-08,0.019112988541929603,17,0.9466666666666667,0.0022349059551001666,84,0.7233333333333334,,,-0.22333333333333327,A_MAIN,"base strong, recent confirms",15,15,-15.0,0.029554263565891414,0.006485234377091354,0.10174418604651159,0.0760048747446736
gate_first,600221,2026-04-08,2026-04-08,0.018688951830742394,18,0.9433333333333334,0.001982164140785459,93,0.6933333333333334,,,-0.25,A_MAIN,"base strong, recent confirms",16,16,-16.0,0.006896551724137945,-0.016172477464662115,0.01379310344827589,-0.011946207853562096
gate_first,600570,2026-04-08,2026-04-08,0.01749811873039641,20,0.9366666666666666,0.0008286441846934951,119,0.6066666666666667,,,-0.32999999999999996,A_MAIN,"base strong, recent confirms",17,17,-17.0,0.03690753690753712,0.01383850771873706,0.02874902874902885,0.0030097174471908628
gate_first,000157,2026-04-08,2026-04-08,0.017474924485810197,21,0.9333333333333333,0.0008133552937962546,120,0.6033333333333334,,,-0.32999999999999996,A_MAIN,"base strong, recent confirms",18,18,-18.0,-0.007990867579908745,-0.031059896768708805,-0.06392694063926951,-0.0896662519411075
gate_first,301236,2026-04-08,2026-04-08,0.017334474514214195,23,0.9266666666666666,0.004375195412091007,44,0.8566666666666667,,,-0.06999999999999995,A_MAIN,"base strong, recent confirms",19,19,-19.0,0.02366710013003903,0.0005980709412389713,0.03641092327698314,0.010671611975145157
gate_first,002371,2026-04-08,2026-04-08,0.017129415499433826,25,0.92,0.0032121556425342064,59,0.8066666666666666,,,-0.1133333333333334,A_MAIN,"base strong, recent confirms",20,20,-20.0,0.018526351408510333,-0.004542677780289727,0.0015227138143980579,-0.024216597487439928
gate_first,300450,2026-04-08,2026-04-08,0.01665140551231976,26,0.9166666666666666,0.0019237115336632501,95,0.6866666666666666,,,-0.22999999999999998,A_MAIN,"base strong, recent confirms",21,21,-21.0,0.07756563245823389,0.05449660326943383,0.06722354813046927,0.04148423682863128
gate_first,300803,2026-04-08,2026-04-08,0.012209995532374597,34,0.89,0.004620360210816431,41,0.8666666666666667,,,-0.023333333333333317,A_MAIN,"base strong, recent confirms",22,22,-22.0,0.05271160669031927,0.029642577501519208,0.011860111505321624,-0.013879199796516362
gate_first,000657,2026-04-08,2026-04-08,0.012185490867953615,35,0.8866666666666667,0.00906842660882551,14,0.9566666666666667,,,0.06999999999999995,A_MAIN,"base strong, recent confirms",23,23,-23.0,0.016073245167853578,-0.006995784020946482,0.055951169888097674,0.030211858586259688
gate_first,600031,2026-04-08,2026-04-08,0.011940516805038845,37,0.88,0.0017661829910831813,99,0.6733333333333333,,,-0.20666666666666667,A_MAIN,"base strong, recent confirms",24,24,-24.0,0.00968054211035807,-0.01338848707844199,-0.013068731848983495,-0.03880804315082148
gate_first,600588,2026-04-08,2026-04-08,0.0117556510983567,38,0.8766666666666667,0.0014781568367001337,104,0.6566666666666666,,,-0.22000000000000008,A_MAIN,"base strong, recent confirms",25,25,-25.0,0.037130801687763615,0.014061772498963555,0.04303797468354431,0.017298663381706325
gate_first,601058,2026-04-08,2026-04-08,0.01141250625502983,41,0.8666666666666667,0.006580261134147139,24,0.9233333333333333,,,0.05666666666666664,A_MAIN,"base strong, recent confirms",26,26,-26.0,-0.028064992614475592,-0.051134021803275656,0.009601181683899673,-0.016138129617938313
gate_first,002558,2026-04-08,2026-04-08,0.010529330350685309,45,0.8533333333333334,0.004345776040141608,45,0.8533333333333334,,,0.0,A_MAIN,"base strong, recent confirms",27,27,-27.0,-0.03696914146043373,-0.060038170649233794,0.00916590284142993,-0.016573408460408057
gate_first,300122,2026-04-08,2026-04-08,0.010336411873251301,46,0.85,0.00265042984426249,70,0.77,,,-0.07999999999999996,A_MAIN,"base strong, recent confirms",28,28,-28.0,0.01534526854219953,-0.00772376064660053,0.0031969309462915874,-0.0225423803555464
gate_first,603893,2026-04-08,2026-04-08,0.00984675217393364,48,0.8433333333333334,0.0012237299507874744,110,0.6366666666666667,,,-0.20666666666666667,A_MAIN,"base strong, recent confirms",29,29,-29.0,0.058614454074951805,0.03554542488615174,0.06615950614204635,0.04042019484020837
gate_first,002050,2026-04-08,2026-04-08,0.009316605071807442,51,0.8333333333333334,0.0017039335051962352,101,0.6666666666666666,,,-0.16666666666666674,A_MAIN,"base strong, recent confirms",30,30,-30.0,0.04020100502512558,0.01713197583632552,0.045682960255824634,0.019943648953986648
gate_first,002422,2026-04-08,2026-04-08,0.008654056197862333,54,0.8233333333333334,0.006448700173937654,25,0.92,,,0.09666666666666668,A_MAIN,"base strong, recent confirms",31,31,-31.0,0.004456327985739916,-0.018612701203060144,0.052287581699346664,0.026548270397508678
gate_first,688981,2026-04-08,2026-04-08,0.008303141886603338,56,0.8166666666666667,0.0008940230423515945,116,0.6166666666666667,,,-0.19999999999999996,A_MAIN,"base strong, recent confirms",32,32,-32.0,0.018050541516245522,-0.005018487672554538,0.044725230645808356,0.01898591934397037
gate_first,688008,2026-04-08,2026-04-08,0.008218203290287374,58,0.81,0.0016157805576262852,102,0.6633333333333333,,,-0.14666666666666672,A_MAIN,"base strong, recent confirms",33,33,-33.0,0.10196162966156508,0.07889260047276501,0.08500395200114985,0.059264640699311866
gate_first,600362,2026-04-08,2026-04-08,0.008174200994343303,59,0.8066666666666666,0.011377084107005888,8,0.9766666666666667,,,0.17000000000000004,A_MAIN,"base strong, recent confirms",34,34,-34.0,0.02863485016648193,0.005565820977681869,0.048168701442841355,0.02242939014100337
gate_first,600584,2026-04-08,2026-04-08,0.00812963601859216,60,0.8033333333333333,0.0009173891615798041,115,0.62,,,-0.18333333333333335,A_MAIN,"base strong, recent confirms",35,35,-35.0,0.057981388690050206,0.03491235950125014,0.043426389883082894,0.01768707858124491
gate_first,002466,2026-04-08,2026-04-08,0.007859381985044323,61,0.8,0.006709636286705002,22,0.93,,,0.13,A_MAIN,"base strong, recent confirms",36,36,-36.0,0.11934084995663485,0.09627182076783479,0.13304423243712038,0.1073049211352824
gate_first,301308,2026-04-08,2026-04-08,0.004957416142280154,100,0.67,0.03742245197258824,1,1.0,,,0.32999999999999996,B_SHORT_BOOST,recent model strongly boosts an acceptable base name,37,37,-37.0,0.17207412423813317,0.14900509504933312,0.1430462353013604,0.11730692399952242
gate_first,688183,2026-04-08,2026-04-08,0.005052756235878633,98,0.6766666666666666,0.020672901688629713,3,0.9933333333333333,,,0.31666666666666665,B_SHORT_BOOST,recent model strongly boosts an acceptable base name,38,38,-38.0,0.23775118536915785,0.2146821561803578,0.18322420410927975,0.15748489280744177
gate_first,002202,2026-04-08,2026-04-08,0.0036343313054267292,117,0.6133333333333333,0.011405214503737472,7,0.98,,,0.3666666666666667,B_SHORT_BOOST,recent model strongly boosts an acceptable base name,39,39,-39.0,0.06124161073825496,0.038172581549454895,0.04823825503355694,0.022498943731718957
gate_first,688223,2026-04-08,2026-04-08,0.004125409832134424,113,0.6266666666666667,0.00729038502871772,18,0.9433333333333334,,,0.31666666666666665,B_SHORT_BOOST,recent model strongly boosts an acceptable base name,40,40,-40.0,0.029503105590062084,0.006434076401262024,0.10869565217391286,0.08295634087207487
gate_first,600196,2026-04-08,2026-04-08,0.006626963493911624,71,0.7666666666666667,0.007103102646341632,20,0.9366666666666666,,,0.16999999999999993,B_SHORT_BOOST,recent model strongly boosts an acceptable base name,41,41,-41.0,-0.003765060240963791,-0.02683408942976385,0.005271084337349352,-0.020468226964488634
gate_first,300433,2026-04-08,2026-04-08,0.005642710291217595,88,0.71,0.0070359470230647835,21,0.9333333333333333,,,0.22333333333333338,B_SHORT_BOOST,recent model strongly boosts an acceptable base name,42,42,-42.0,0.01617795753286133,-0.006891071655938729,-0.13582743511964945,-0.16156674642148744
gate_first,000630,2026-04-08,2026-04-08,0.0068663346422691025,69,0.7733333333333333,0.006328339383933575,26,0.9166666666666666,,,0.1433333333333333,B_SHORT_BOOST,recent model strongly boosts an acceptable base name,43,43,-43.0,0.03966942148760344,0.01660039229880338,0.036363636363636376,0.01062432506179839
gate_first,601689,2026-04-08,2026-04-08,0.0039532909702616175,114,0.6233333333333333,0.005456858911379832,31,0.9,,,0.2766666666666667,B_SHORT_BOOST,recent model strongly boosts an acceptable base name,44,44,-44.0,0.02916810493614097,0.00609907574734091,0.048498446668967965,0.02275913536712998
gate_first,002938,2026-04-08,2026-04-08,0.004137015395560816,112,0.63,0.00528030116839655,35,0.8866666666666667,,,0.2566666666666667,B_SHORT_BOOST,recent model strongly boosts an acceptable base name,45,45,-45.0,0.08496732026143783,0.061898291072637765,0.09713144517066086,0.07139213386882287
gate_first,600438,2026-04-08,2026-04-08,0.00651765473679783,74,0.7566666666666667,0.0051712880912093,37,0.88,,,0.1233333333333333,B_SHORT_BOOST,recent model strongly boosts an acceptable base name,46,46,-46.0,0.09987515605493136,0.0768061268661313,0.0980024968789015,0.07226318557706352
gate_first,688472,2026-04-08,2026-04-08,0.006563059454620248,72,0.7633333333333333,0.00491001924534632,39,0.8733333333333333,,,0.10999999999999999,B_SHORT_BOOST,recent model strongly boosts an acceptable base name,47,47,-47.0,0.03240740740740744,0.00933837821860738,0.03317901234567899,0.007439701043841007
gate_first,601888,2026-04-08,2026-04-08,0.004354868118769226,108,0.6433333333333333,0.004648872020833024,40,0.87,,,0.22666666666666668,B_SHORT_BOOST,recent model strongly boosts an acceptable base name,48,48,-48.0,0.01752835469141245,-0.005540674497387609,0.008837825894829843,-0.016901485407008143
gate_first,601600,2026-04-08,2026-04-08,0.03699997025632539,2,0.9966666666666667,-0.001211450931755891,246,0.18333333333333332,,,-0.8133333333333334,C_DOWNGRADE_OBSERVE,base strong but recent model does not confirm,49,49,-49.0,-0.024275646045418875,-0.04734467523421894,0.002349256068911565,-0.02339005523292642
gate_first,600183,2026-04-08,2026-04-08,0.01809119739576516,19,0.94,-0.0006544069557134595,220,0.27,,,-0.6699999999999999,C_DOWNGRADE_OBSERVE,base strong but recent model does not confirm,50,50,-50.0,0.1287582809580432,0.10568925176924314,0.14115848479701043,0.11541917349517244
gate_first,601727,2026-04-08,2026-04-08,0.017400431552856577,22,0.93,-0.0006998807687726901,224,0.25666666666666665,,,-0.6733333333333333,C_DOWNGRADE_OBSERVE,base strong but recent model does not confirm,51,51,-51.0,0.008782936010037545,-0.014286093178762515,0.020075282308657627,-0.005664028993180359
gate_first,603993,2026-04-08,2026-04-08,0.01716789790115019,24,0.9233333333333333,-0.002022879305299057,263,0.12666666666666668,,,-0.7966666666666666,C_DOWNGRADE_OBSERVE,base strong but recent model does not confirm,52,52,-52.0,0.023342175066312976,0.00027314587751291544,0.06153846153846154,0.035799150236623556
gate_first,601360,2026-04-08,2026-04-08,0.015752326141075194,27,0.9133333333333333,-0.0010441175443672381,236,0.21666666666666667,,,-0.6966666666666667,C_DOWNGRADE_OBSERVE,base strong but recent model does not confirm,53,53,-53.0,0.0235183443085607,0.0004493151197606411,0.027281279397930236,0.00154196809609225
gate_first,688012,2026-04-08,2026-04-08,0.013978007030498745,28,0.91,-0.002793860956241827,278,0.07666666666666666,,,-0.8333333333333334,C_DOWNGRADE_OBSERVE,base strong but recent model does not confirm,54,54,-54.0,0.009978187218638412,-0.013090841970161648,-0.008725112544669789,-0.034464423846507775
gate_first,600547,2026-04-08,2026-04-08,0.013678278228422944,29,0.9066666666666666,-0.0025309992956218316,274,0.09,,,-0.8166666666666667,C_DOWNGRADE_OBSERVE,base strong but recent model does not confirm,55,55,-55.0,-0.04531136418706094,-0.068380393375861,-0.04894596559244013,-0.07468527689427812
gate_first,600893,2026-04-08,2026-04-08,0.012246264661697986,32,0.8966666666666666,-0.0028056065812228073,279,0.07333333333333333,,,-0.8233333333333333,C_DOWNGRADE_OBSERVE,base strong but recent model does not confirm,56,56,-56.0,0.03593056116269677,0.012861531973896712,0.02200242228502236,-0.0037368890168156255
gate_first,600089,2026-04-08,2026-04-08,0.012218741295779746,33,0.8933333333333333,-0.0006757591917070204,222,0.2633333333333333,,,-0.63,C_DOWNGRADE_OBSERVE,base strong but recent model does not confirm,57,57,-57.0,0.02805836139169471,0.004989332202894648,0.04564160119715677,0.01990228989531878
gate_first,301269,2026-04-08,2026-04-08,0.012170098672450173,36,0.8833333333333333,-0.002348634415658078,271,0.1,,,-0.7833333333333333,C_DOWNGRADE_OBSERVE,base strong but recent model does not confirm,58,58,-58.0,0.02568676418123439,0.002617734992434329,0.010940658817933269,-0.014798652483904717
gate_first,601899,2026-04-08,2026-04-08,0.011262545654443918,42,0.8633333333333333,-0.006827714348848442,296,0.016666666666666666,,,-0.8466666666666666,C_DOWNGRADE_OBSERVE,base strong but recent model does not confirm,59,59,-59.0,0.026548672566371723,0.0034796433775716624,0.041297935103244754,0.015558623801406768
gate_first,688082,2026-04-08,2026-04-08,0.0108351677553485,43,0.86,-0.004823612313954617,292,0.03,,,-0.83,C_DOWNGRADE_OBSERVE,base strong but recent model does not confirm,60,60,-60.0,0.052071631533734175,0.029002602344934115,0.029934580056829363,0.004195268754991377
gate_first,300502,2026-04-08,2026-04-08,0.010701133207260072,44,0.8566666666666667,-0.0027150610014055835,276,0.08333333333333333,,,-0.7733333333333333,C_DOWNGRADE_OBSERVE,base strong but recent model does not confirm,61,61,-61.0,0.0612215705907595,0.038152541401959436,0.09692461736518387,0.07118530606334589
gate_first,002916,2026-04-08,2026-04-08,0.009384838065139274,50,0.8366666666666667,-0.0026990489515909674,275,0.08666666666666667,,,-0.75,C_DOWNGRADE_OBSERVE,base strong but recent model does not confirm,62,62,-62.0,0.17599569429494077,0.15292666510614072,0.11165852446799707,0.08591921316615908
gate_first,600085,2026-04-08,2026-04-08,0.008741205414285141,52,0.83,-0.0021360124821807633,265,0.12,,,-0.71,C_DOWNGRADE_OBSERVE,base strong but recent model does not confirm,63,63,-63.0,0.0148389431777054,-0.008230086011094661,0.011219688744118717,-0.01451962255771927
gate_first,688256,2026-04-08,2026-04-08,0.008696958264577299,53,0.8266666666666667,-0.0032798641216463006,285,0.05333333333333334,,,-0.7733333333333333,C_DOWNGRADE_OBSERVE,base strong but recent model does not confirm,64,64,-64.0,0.03670741118773191,0.013638381998931848,0.09099056486345192,0.06525125356161393
gate_first,000807,2026-04-08,2026-04-08,0.008435437725153575,55,0.82,-0.013547697842196178,300,0.0033333333333333335,,,-0.8166666666666667,C_DOWNGRADE_OBSERVE,base strong but recent model does not confirm,65,65,-65.0,0.0008556759840274708,-0.02221335320477259,0.023958927552766518,-0.001780383749071468
gate_first,600115,2026-04-08,2026-04-08,0.024436459659541828,7,0.98,-0.0002756876776761224,196,0.35,,,-0.63,UNCLASSIFIED,falls between configured gate tiers,66,66,-66.0,-0.041214750542299394,-0.06428377973109946,-0.041214750542299394,-0.06695406184413738
gate_first,002600,2026-04-08,2026-04-08,0.012758434412825866,30,0.9033333333333333,0.00036994399845990565,145,0.52,,,-0.3833333333333333,UNCLASSIFIED,falls between configured gate tiers,67,67,-67.0,0.04446119065561427,0.02139216146681421,0.033911077618688834,0.008171766316850848
gate_first,688396,2026-04-08,2026-04-08,0.01242976341054359,31,0.9,0.0004821180352269526,137,0.5466666666666666,,,-0.3533333333333334,UNCLASSIFIED,falls between configured gate tiers,68,68,-68.0,-0.009287300625883343,-0.03235632981468341,-0.0090854027861903,-0.034824714088028286
gate_first,000776,2026-04-08,2026-04-08,0.011529593413502695,39,0.8733333333333333,9.084898526414811e-05,166,0.45,,,-0.4233333333333333,UNCLASSIFIED,falls between configured gate tiers,69,69,-69.0,0.08213891951488406,0.05906989032608399,0.09592061742006597,0.07018130611822798
gate_first,002625,2026-04-08,2026-04-08,0.011496231760736048,40,0.87,1.0366869059603571e-05,170,0.43666666666666665,,,-0.43333333333333335,UNCLASSIFIED,falls between configured gate tiers,70,70,-70.0,0.06659674882013622,0.043527719631336156,0.04771893025694807,0.02197961895511008
gate_first,603369,2026-04-08,2026-04-08,0.01022543016462261,47,0.8466666666666667,0.0007679905152621751,125,0.5866666666666667,,,-0.26,UNCLASSIFIED,falls between configured gate tiers,71,71,-71.0,0.01482371794871784,-0.00824531124008222,0.013221153846153744,-0.012518157455684242
gate_first,600460,2026-04-08,2026-04-08,0.009691831074884668,49,0.84,-0.00017699171487318733,184,0.39,,,-0.44999999999999996,UNCLASSIFIED,falls between configured gate tiers,72,72,-72.0,0.02707856598016778,0.004009536791367719,0.01754385964912286,-0.008195451652715124
gate_first,688126,2026-04-08,2026-04-08,0.008252618225115596,57,0.8133333333333334,-0.00027187131736580077,195,0.35333333333333333,,,-0.46,UNCLASSIFIED,falls between configured gate tiers,73,73,-73.0,0.016561964591661926,-0.006507064597138134,0.01941747572815533,-0.006321835573682655
gate_first,600875,2026-04-08,2026-04-08,0.00772184400251638,62,0.7966666666666666,-0.0013418158172212495,253,0.16,,,-0.6366666666666666,UNCLASSIFIED,falls between configured gate tiers,74,74,-74.0,0.016183764030279324,-0.006885265158520736,0.09736361263377691,0.07162430133193892
gate_first,603986,2026-04-08,2026-04-08,0.007588293737567152,63,0.7933333333333333,-0.008559871951333255,298,0.01,,,-0.7833333333333333,UNCLASSIFIED,falls between configured gate tiers,75,75,-75.0,0.11781873425818579,0.09474970506938572,0.14464478471194986,0.11890547341011187
gate_first,601111,2026-04-08,2026-04-08,0.007552763753477965,64,0.79,0.00040420091891090696,142,0.53,,,-0.26,UNCLASSIFIED,falls between configured gate tiers,76,76,-76.0,-0.01285714285714279,-0.03592617204594285,-0.0014285714285714457,-0.02716788273040943
gate_first,300308,2026-04-08,2026-04-08,0.007488527236132974,65,0.7866666666666666,0.003296041610789804,57,0.8133333333333334,,,0.026666666666666727,UNCLASSIFIED,falls between configured gate tiers,77,77,-77.0,0.11541462005200809,0.09234559086320802,0.16823172493498983,0.14249241363315185
gate_first,002049,2026-04-08,2026-04-08,0.007393311702372783,66,0.7833333333333333,0.0003509411460897703,147,0.5133333333333333,,,-0.27,UNCLASSIFIED,falls between configured gate tiers,78,78,-78.0,0.03738317757009346,0.014314148381293402,0.03665303738317749,0.010913726081339503
gate_first,601698,2026-04-08,2026-04-08,0.00733031979271652,67,0.78,-0.0041277441018400165,290,0.03666666666666667,,,-0.7433333333333334,UNCLASSIFIED,falls between configured gate tiers,79,79,-79.0,0.04147465437788034,0.018405625189080278,0.04147465437788034,0.015735343076042352
gate_first,603501,2026-04-08,2026-04-08,0.00710556858397174,68,0.7766666666666666,0.0025966747900171023,72,0.7633333333333333,,,-0.013333333333333308,UNCLASSIFIED,falls between configured gate tiers,80,80,-80.0,0.004460966542750855,-0.018608062646049205,-0.005629314922995232,-0.03136862622483322
gate_first,600029,2026-04-08,2026-04-08,0.006733574032469789,70,0.77,-0.003135095877051227,282,0.06333333333333334,,,-0.7066666666666667,UNCLASSIFIED,falls between configured gate tiers,81,81,-81.0,-0.013745704467354014,-0.03681473365615408,-0.010309278350515538,-0.036048589652353524
gate_first,601788,2026-04-08,2026-04-08,0.006539010263240786,73,0.76,-0.001793227795921825,260,0.13666666666666666,,,-0.6233333333333333,UNCLASSIFIED,falls between configured gate tiers,82,82,-82.0,0.02415143603133152,0.0010824068425314588,0.016971279373368064,-0.008768031928469922
gate_first,300418,2026-04-08,2026-04-08,0.006435031349466598,75,0.7533333333333333,0.00079435985031636,121,0.6,,,-0.15333333333333332,UNCLASSIFIED,falls between configured gate tiers,83,83,-83.0,0.007728894173602896,-0.015340135015197164,0.030915576694411362,0.005176265392573376
gate_first,601336,2026-04-08,2026-04-08,0.006423905372419557,76,0.75,-0.00020117463015901027,189,0.37333333333333335,,,-0.37666666666666665,UNCLASSIFIED,falls between configured gate tiers,84,84,-84.0,0.016683022571148065,-0.006386006617651995,0.04497873732417412,0.019239426022336137
gate_first,600309,2026-04-08,2026-04-08,0.006416850169287886,77,0.7466666666666667,0.002352137783172531,81,0.7333333333333333,,,-0.01333333333333342,UNCLASSIFIED,falls between configured gate tiers,85,85,-85.0,0.03527500580181009,0.012205976613010028,0.028660942213970753,0.0029216309121327666
gate_first,603260,2026-04-08,2026-04-08,0.006409286153600884,78,0.7433333333333333,0.0006300974721306123,131,0.5666666666666667,,,-0.17666666666666664,UNCLASSIFIED,falls between configured gate tiers,86,86,-86.0,0.061253561253561406,0.03818453206476134,0.042735042735042805,0.01699573143320482
gate_first,001979,2026-04-08,2026-04-08,0.006394023854745978,79,0.74,-0.000297680487884127,200,0.33666666666666667,,,-0.4033333333333333,UNCLASSIFIED,falls between configured gate tiers,87,87,-87.0,0.05875000000000008,0.035680970811200016,0.06624999999999992,0.040510688698161934
gate_first,000002,2026-04-08,2026-04-08,0.0061888533609735265,80,0.7366666666666667,9.970873560452356e-05,165,0.4533333333333333,,,-0.2833333333333334,UNCLASSIFIED,falls between configured gate tiers,88,88,-88.0,0.03875968992248047,0.015690660733680407,0.023255813953488413,-0.0024834973483495726
gate_first,002241,2026-04-08,2026-04-08,0.006164866376149486,81,0.7333333333333333,0.0002637921319597373,152,0.49666666666666665,,,-0.23666666666666664,UNCLASSIFIED,falls between configured gate tiers,89,89,-89.0,0.03357416064598384,0.010505131457183781,0.022099447513812098,-0.0036398637880258877
gate_first,688072,2026-04-08,2026-04-08,0.005898519991621508,82,0.73,-0.0006328593692970138,218,0.27666666666666667,,,-0.4533333333333333,UNCLASSIFIED,falls between configured gate tiers,90,90,-90.0,0.04274333571647437,0.019674306527674313,0.0281636196506998,0.0024243083488618145
gate_first,601628,2026-04-08,2026-04-08,0.005778989810989267,83,0.7266666666666667,0.002449784312178326,77,0.7466666666666667,,,0.020000000000000018,UNCLASSIFIED,falls between configured gate tiers,91,91,-91.0,0.022192151556156947,-0.0008768776326431131,0.024898511502029708,-0.0008407997998082783
gate_first,300661,2026-04-08,2026-04-08,0.0057695945265495135,84,0.7233333333333334,0.0021487678397527753,87,0.7133333333333334,,,-0.010000000000000009,UNCLASSIFIED,falls between configured gate tiers,92,92,-92.0,-0.05668677727501259,-0.07975580646381265,-0.02538964303670177,-0.051128954338539756
gate_first,300394,2026-04-08,2026-04-08,0.005762747100743663,85,0.72,0.0031915333545312332,61,0.8,,,0.08000000000000007,UNCLASSIFIED,falls between configured gate tiers,93,93,-93.0,-0.0030723208149734393,-0.0261413500037735,0.024982819258600575,-0.0007564920432374111
gate_first,000063,2026-04-08,2026-04-08,0.0057058703712064875,86,0.7166666666666667,-0.003305444330556899,286,0.05,,,-0.6666666666666666,UNCLASSIFIED,falls between configured gate tiers,94,94,-94.0,0.007592800899887342,-0.015476228288912718,-0.004499437570303799,-0.030238748872141785
gate_first,000301,2026-04-08,2026-04-08,0.005687153710979614,87,0.7133333333333334,0.003968292667331118,49,0.84,,,0.1266666666666666,UNCLASSIFIED,falls between configured gate tiers,95,95,-95.0,0.017857142857143016,-0.0052118863316570445,0.03035714285714275,0.004617831555304763
gate_first,000768,2026-04-08,2026-04-08,0.0056332779142354615,89,0.7066666666666667,0.0009251785372622392,114,0.6233333333333333,,,-0.08333333333333337,UNCLASSIFIED,falls between configured gate tiers,96,96,-96.0,0.03366583541147139,0.01059680622267133,0.027431421446383997,0.0016921101445460107
gate_first,600690,2026-04-08,2026-04-08,0.005576039461846617,90,0.7033333333333334,0.000786325380289032,124,0.59,,,-0.1133333333333334,UNCLASSIFIED,falls between configured gate tiers,97,97,-97.0,0.009156626506024113,-0.013912402682775948,0.014939759036144418,-0.010799552265693568
gate_first,002493,2026-04-08,2026-04-08,0.005477389755512678,91,0.7,-0.0011967119707967924,245,0.18666666666666668,,,-0.5133333333333333,UNCLASSIFIED,falls between configured gate tiers,98,98,-98.0,-0.04066985645933008,-0.06373888564813014,-0.03987240829346095,-0.06561171959529893
gate_first,600415,2026-04-08,2026-04-08,0.005282788260400209,92,0.6966666666666667,0.002345480455081057,82,0.73,,,0.033333333333333326,UNCLASSIFIED,falls between configured gate tiers,99,99,-99.0,-0.05555555555555547,-0.07862458474435553,-0.050724637681159535,-0.07646394898299752
gate_first,300832,2026-04-08,2026-04-08,0.005187839906508332,93,0.6933333333333334,-0.0022191823989370823,270,0.10333333333333333,,,-0.5900000000000001,UNCLASSIFIED,falls between configured gate tiers,100,100,-100.0,0.004867256637168138,-0.018201772551631922,-0.0004424778761062953,-0.02618178917794428
gate_first,300896,2026-04-08,2026-04-08,0.00518142664422765,94,0.69,-0.00124341452566216,249,0.17333333333333334,,,-0.5166666666666666,UNCLASSIFIED,falls between configured gate tiers,101,101,-101.0,0.027454464682363344,0.004385435493563284,0.021679253665037646,-0.0040600576368003405
gate_first,600048,2026-04-08,2026-04-08,0.005156001183820738,95,0.6866666666666666,-0.0008389421591342207,231,0.23333333333333334,,,-0.4533333333333333,UNCLASSIFIED,falls between configured gate tiers,102,102,-102.0,0.06822262118491929,0.04515359199611922,0.07181328545780952,0.04607397415597153
gate_first,600372,2026-04-08,2026-04-08,0.005111888477886384,96,0.6833333333333333,0.000598821448906232,132,0.5633333333333334,,,-0.12,UNCLASSIFIED,falls between configured gate tiers,103,103,-103.0,0.024087024087024123,0.0010179948982240623,0.026418026418026486,0.0006787151161884997
gate_first,300750,2026-04-08,2026-04-08,0.005091711316679206,97,0.68,0.003166016641541805,62,0.7966666666666666,,,0.11666666666666659,UNCLASSIFIED,falls between configured gate tiers,104,104,-104.0,0.1046175482459566,0.08154851905715653,0.16410136208557957,0.13836205078374159
gate_first,300014,2026-04-08,2026-04-08,0.004963102529199302,99,0.6733333333333333,0.0027574700632546946,69,0.7733333333333333,,,0.09999999999999998,UNCLASSIFIED,falls between configured gate tiers,105,105,-105.0,0.11034057635999384,0.08727154717119377,0.09015256588072118,0.0644132545788832
gate_first,688303,2026-04-08,2026-04-08,0.0049155873652095144,101,0.6666666666666666,0.0023801981155762045,80,0.7366666666666667,,,0.07000000000000006,UNCLASSIFIED,falls between configured gate tiers,106,106,-106.0,0.07737512242899114,0.054306093240191075,0.1062683643486777,0.08052905304683972
gate_first,601318,2026-04-08,2026-04-08,0.004829360629605917,102,0.6633333333333333,-0.0013404118208517996,252,0.16333333333333333,,,-0.5,UNCLASSIFIED,falls between configured gate tiers,107,107,-107.0,0.004047158191096356,-0.019021870997703704,-0.003695231391870557,-0.029434542693708543
gate_first,601878,2026-04-08,2026-04-08,0.004664118491435615,103,0.66,-0.0011899077052808789,244,0.19,,,-0.47000000000000003,UNCLASSIFIED,falls between configured gate tiers,108,108,-108.0,0.029629629629629672,0.006560600440829612,0.02645502645502651,0.0007157151531885231
gate_first,601688,2026-04-08,2026-04-08,0.004571938183833419,104,0.6566666666666666,0.002046534569281738,91,0.7,,,0.043333333333333335,UNCLASSIFIED,falls between configured gate tiers,109,109,-109.0,0.05577244841048512,0.03270341922168506,0.060234244283324134,0.03449493298148615
gate_first,601127,2026-04-08,2026-04-08,0.004459598304087289,105,0.6533333333333333,0.0021259634786663702,90,0.7033333333333334,,,0.050000000000000044,UNCLASSIFIED,falls between configured gate tiers,110,110,-110.0,0.014705882352941346,-0.008363146835858714,0.014933880528955834,-0.010805430772882152
gate_first,000596,2026-04-08,2026-04-08,0.004411694023506288,106,0.65,0.0003126376313821093,149,0.5066666666666667,,,-0.1433333333333333,UNCLASSIFIED,falls between configured gate tiers,111,111,-111.0,0.024805447470817032,0.0017364182820169723,0.03891050583657596,0.013171194534737973
gate_first,600150,2026-04-08,2026-04-08,0.004389980846512008,107,0.6466666666666666,-0.0040263711688370936,289,0.04,,,-0.6066666666666666,UNCLASSIFIED,falls between configured gate tiers,112,112,-112.0,0.023890784982935287,0.0008217557941352267,0.015203226807322334,-0.010536084494515652
gate_first,000408,2026-04-08,2026-04-08,0.00428776248533394,109,0.64,0.003511702005890508,52,0.83,,,0.18999999999999995,UNCLASSIFIED,falls between configured gate tiers,113,113,-113.0,0.00871143375680572,-0.01435759543199434,0.04585601935874162,0.02011670805690363
gate_first,603019,2026-04-08,2026-04-08,0.004251260068582703,110,0.6366666666666667,-0.001072914262765479,240,0.20333333333333334,,,-0.43333333333333335,UNCLASSIFIED,falls between configured gate tiers,114,114,-114.0,0.06667470460573921,0.043605675416939146,0.0683626718109478,0.04262336050910981
gate_first,601319,2026-04-08,2026-04-08,0.004169097900271068,111,0.6333333333333333,0.0022000350677875025,85,0.72,,,0.08666666666666667,UNCLASSIFIED,falls between configured gate tiers,115,115,-115.0,0.012162162162162149,-0.010906867026637911,0.012162162162162149,-0.013577149139675837
gate_first,001391,2026-04-08,2026-04-08,0.003896626599108002,115,0.62,-0.0007822592479982542,227,0.24666666666666667,,,-0.3733333333333333,UNCLASSIFIED,falls between configured gate tiers,116,116,-116.0,0.007590132827324458,-0.015478896361475602,0.009487666034155628,-0.016251645267682358
gate_first,601377,2026-04-08,2026-04-08,0.003820408066105372,116,0.6166666666666667,0.0014575726227917377,105,0.6533333333333333,,,0.036666666666666625,UNCLASSIFIED,falls between configured gate tiers,117,117,-117.0,0.03958691910499157,0.01651788991619151,0.034423407917383964,0.008684096615545978
gate_first,002230,2026-04-08,2026-04-08,0.0036240911189952024,118,0.61,0.0030665731259465925,64,0.79,,,0.18000000000000005,UNCLASSIFIED,falls between configured gate tiers,118,118,-118.0,0.023723787333192137,0.0006547581443920765,0.018851938148697345,-0.006887373153140641
gate_first,601456,2026-04-08,2026-04-08,0.0036211670271523353,119,0.6066666666666667,-0.00026117659442461804,194,0.3566666666666667,,,-0.25,UNCLASSIFIED,falls between configured gate tiers,119,119,-119.0,0.026344676180021898,0.0032756469912218374,0.02414928649835346,-0.0015900248034845244
gate_first,601077,2026-04-08,2026-04-08,0.0036105826710670754,120,0.6033333333333334,0.0021440953279205427,88,0.71,,,0.10666666666666658,UNCLASSIFIED,falls between configured gate tiers,120,120,-120.0,0.019830028328611915,-0.0032390008601881452,0.0028328611898018607,-0.022906450112036125
gate_first,605499,2026-04-08,2026-04-08,0.0035859517524660326,121,0.6,0.0004252450260970798,140,0.5366666666666666,,,-0.06333333333333335,UNCLASSIFIED,falls between configured gate tiers,121,121,-121.0,-0.05150326797385618,-0.07457229716265625,-0.036470588235294255,-0.06220989953713224
gate_first,600741,2026-04-08,2026-04-08,0.0033395668591587116,125,0.5866666666666667,0.004178670032925181,47,0.8466666666666667,,,0.26,UNCLASSIFIED,falls between configured gate tiers,122,122,-122.0,-0.0009727626459143934,-0.024041791834714454,0.0024319066147859836,-0.023307404687052002
gate_first,000425,2026-04-08,2026-04-08,0.003247832919414578,126,0.5833333333333334,0.0018055677802249089,97,0.68,,,0.09666666666666668,UNCLASSIFIED,falls between configured gate tiers,123,123,-123.0,-0.017924528301886733,-0.0409935574906868,-0.037735849056603765,-0.06347516035844175
gate_first,688111,2026-04-08,2026-04-08,0.00323092986706425,127,0.58,0.00178558701525455,98,0.6766666666666666,,,0.09666666666666668,UNCLASSIFIED,falls between configured gate tiers,124,124,-124.0,0.06578326686393066,0.04271423767513059,0.08263647669282559,0.0568971653909876
gate_first,600233,2026-04-08,2026-04-08,0.003195648776252855,128,0.5766666666666667,0.002283141364417,83,0.7266666666666667,,,0.15000000000000002,UNCLASSIFIED,falls between configured gate tiers,125,125,-125.0,0.0005094243504839557,-0.022559604838316104,0.07590422822210918,0.050164916920271196
gate_first,600845,2026-04-08,2026-04-08,0.00299217490030174,133,0.56,0.005794532503845605,28,0.91,,,0.35,UNCLASSIFIED,falls between configured gate tiers,126,126,-126.0,0.001776198934280604,-0.021292830254519456,0.031083481349911235,0.005344170048073249
gate_first,601601,2026-04-08,2026-04-08,0.0026278469470355594,139,0.54,0.003193476497499844,60,0.8033333333333333,,,0.2633333333333333,UNCLASSIFIED,falls between configured gate tiers,127,127,-127.0,0.0028728127448420793,-0.02019621644395798,-0.010968921389396757,-0.03670823269123474
gate_first,600066,2026-04-08,2026-04-08,0.0024464070972337474,145,0.52,0.007882274988941857,16,0.95,,,0.42999999999999994,UNCLASSIFIED,falls between configured gate tiers,128,128,-128.0,-0.02201524132091448,-0.045084270509714544,-0.029918148461755667,-0.05565745976359365
gate_first,688521,2026-04-08,2026-04-08,0.0023677655028617227,147,0.5133333333333333,0.014328890836411876,5,0.9866666666666667,,,0.4733333333333334,UNCLASSIFIED,falls between configured gate tiers,129,129,-129.0,0.030473472128945467,0.007404442940145407,0.027115513767629107,0.001376202465791121
gate_first,605117,2026-04-08,2026-04-08,0.0022236455275400305,150,0.5033333333333333,0.009440315604402786,12,0.9633333333333334,,,0.4600000000000001,UNCLASSIFIED,falls between configured gate tiers,130,130,-130.0,0.13860392506690444,0.11553489587810438,0.10314451382694023,0.07740520252510225
gate_first,601117,2026-04-08,2026-04-08,0.0016224693648312285,163,0.46,0.004114166752872172,48,0.8433333333333334,,,0.38333333333333336,UNCLASSIFIED,falls between configured gate tiers,131,131,-131.0,-0.02428256070640189,-0.047351589895201954,-0.04415011037527594,-0.06988942167711393
gate_first,601607,2026-04-08,2026-04-08,0.0014824819745872454,165,0.4533333333333333,0.003412352585776231,54,0.8233333333333334,,,0.37000000000000005,UNCLASSIFIED,falls between configured gate tiers,132,132,-132.0,-0.0040959625511995945,-0.027164991739999655,0.0029256875365710755,-0.02281362376526691
gate_first,600803,2026-04-08,2026-04-08,0.0013528030056995145,170,0.43666666666666665,0.0013496568818178796,108,0.6433333333333333,,,0.20666666666666667,UNCLASSIFIED,falls between configured gate tiers,133,133,-133.0,0.0,-0.02306902918880006,-0.0023809523809523725,-0.02812026368279036
gate_first,601838,2026-04-08,2026-04-08,0.0013111586849092402,173,0.4266666666666667,0.0023978912896114265,79,0.74,,,0.3133333333333333,UNCLASSIFIED,falls between configured gate tiers,134,134,-134.0,0.002318840579710102,-0.02075018860908996,0.001159420289855051,-0.024579891011982935
gate_first,603259,2026-04-08,2026-04-08,0.0012255047198832195,179,0.4066666666666667,0.0033964683479671435,55,0.82,,,0.4133333333333333,UNCLASSIFIED,falls between configured gate tiers,135,135,-135.0,0.0033483210561560117,-0.01972070813264405,-0.005070314742179338,-0.030809626044017324
gate_first,600023,2026-04-08,2026-04-08,0.0011664944733891477,183,0.3933333333333333,0.0009386143880112175,113,0.6266666666666667,,,0.2333333333333334,UNCLASSIFIED,falls between configured gate tiers,136,136,-136.0,0.01284403669724754,-0.01022499249155252,0.016513761467889854,-0.009225549833948132
gate_first,600999,2026-04-08,2026-04-08,0.0010278174715200586,190,0.37,0.0012624734366809265,109,0.64,,,0.27,UNCLASSIFIED,falls between configured gate tiers,137,137,-137.0,0.02247912652536921,-0.0005899026634308517,0.017983301220295456,-0.00775601008154253
gate_first,002352,2026-04-08,2026-04-08,0.0009307512283066251,196,0.35,0.002140201611589646,89,0.7066666666666667,,,0.3566666666666667,UNCLASSIFIED,falls between configured gate tiers,138,138,-138.0,-0.009436505796710737,-0.0325055349855108,0.0008088433540036633,-0.024930467947834323
gate_first,002179,2026-04-08,2026-04-08,0.0008881563655919963,199,0.34,0.0053666020706561336,33,0.8933333333333333,,,0.5533333333333332,UNCLASSIFIED,falls between configured gate tiers,139,139,-139.0,-0.01016762846935959,-0.033236657658159655,-0.034350096180269296,-0.06008940748210728
gate_first,000938,2026-04-08,2026-04-08,0.0008655339410608598,200,0.33666666666666667,0.005390893827461747,32,0.8966666666666666,,,0.5599999999999999,UNCLASSIFIED,falls between configured gate tiers,140,140,-140.0,0.03116883116883118,0.008099801980031119,0.03970315398886837,0.013963842687030381
gate_first,000963,2026-04-08,2026-04-08,0.0008141568065868666,204,0.3233333333333333,0.0046026795741629595,42,0.8633333333333333,,,0.54,UNCLASSIFIED,falls between configured gate tiers,141,141,-141.0,-0.026420454545454497,-0.04948948373425456,-0.018181818181818188,-0.043921129483656174
gate_first,000333,2026-04-08,2026-04-08,0.0007726923770530359,207,0.31333333333333335,0.0009422186636047216,112,0.63,,,0.31666666666666665,UNCLASSIFIED,falls between configured gate tiers,142,142,-142.0,0.0003920543648718855,-0.022676974823928175,0.018034500784108953,-0.007704810517729033
gate_first,601633,2026-04-08,2026-04-08,0.0007372894182151521,209,0.30666666666666664,0.000969230735554261,111,0.6333333333333333,,,0.32666666666666666,UNCLASSIFIED,falls between configured gate tiers,143,143,-143.0,0.024637681159420444,0.0015686519706203834,0.011594202898550732,-0.014145108403287254
gate_first,600276,2026-04-08,2026-04-08,0.0006928940530414177,213,0.29333333333333333,0.002893935884509102,67,0.78,,,0.4866666666666667,UNCLASSIFIED,falls between configured gate tiers,144,144,-144.0,-0.0137493389740877,-0.03681836816288776,0.008989952406134316,-0.01674935889570367
gate_first,002602,2026-04-08,2026-04-08,0.0005874903536673221,217,0.28,0.002793405590337379,68,0.7766666666666666,,,0.4966666666666666,UNCLASSIFIED,falls between configured gate tiers,145,145,-145.0,-0.032238805970149165,-0.05530783515894923,0.029850746268656803,0.004111434966818817
gate_first,300498,2026-04-08,2026-04-08,0.0005800801938447044,218,0.27666666666666667,0.0014172427584315404,107,0.6466666666666666,,,0.36999999999999994,UNCLASSIFIED,falls between configured gate tiers,146,146,-146.0,0.038577456298975354,0.015508427110175294,0.03496081977094656,0.009221508469108575
gate_first,000568,2026-04-08,2026-04-08,0.0005769931354180037,219,0.2733333333333333,0.0008415705504457179,118,0.61,,,0.33666666666666667,UNCLASSIFIED,falls between configured gate tiers,147,147,-147.0,0.003988326848249013,-0.019080702340551047,0.0024319066147859836,-0.023307404687052002
gate_first,300408,2026-04-08,2026-04-08,0.000498873453534941,221,0.26666666666666666,0.0018948806491212707,96,0.6833333333333333,,,0.4166666666666667,UNCLASSIFIED,falls between configured gate tiers,148,148,-148.0,0.10277968428277262,0.07971065509397256,0.11067261496225123,0.08493330366041324
gate_first,601669,2026-04-08,2026-04-08,0.00046046136093350813,224,0.25666666666666665,0.0014381343705844054,106,0.65,,,0.39333333333333337,UNCLASSIFIED,falls between configured gate tiers,149,149,-149.0,0.0,-0.02306902918880006,0.005272407732864526,-0.02046690356897346
gate_first,002304,2026-04-08,2026-04-08,0.0004439418950495031,225,0.25333333333333335,0.0023980845465098716,78,0.7433333333333333,,,0.48999999999999994,UNCLASSIFIED,falls between configured gate tiers,150,150,-150.0,0.009615384615384581,-0.013453644573415479,0.009615384615384581,-0.016123926686453405
gate_first,002475,2026-04-08,2026-04-08,0.00044338214040376737,226,0.25,0.003156220066239226,63,0.7933333333333333,,,0.5433333333333333,UNCLASSIFIED,falls between configured gate tiers,151,151,-151.0,0.07351606462152827,0.0504470354327282,0.09729533490651665,0.07155602360467866
gate_first,601877,2026-04-08,2026-04-08,0.00041365144840117466,235,0.22,0.0030558822373246658,65,0.7866666666666666,,,0.5666666666666667,UNCLASSIFIED,falls between configured gate tiers,152,152,-152.0,0.023393636930754802,0.00032460774195474176,0.021210230817217735,-0.0045290804846202515
gate_first,600426,2026-04-08,2026-04-08,1.1208747787290347e-05,252,0.16333333333333333,0.0021899746803311125,86,0.7166666666666667,,,0.5533333333333333,UNCLASSIFIED,falls between configured gate tiers,153,153,-153.0,-0.03793548387096768,-0.06100451305976774,-0.0781935483870968,-0.10393285968893479
gate_first,601138,2026-04-08,2026-04-08,-6.611806039731942e-06,253,0.16,0.0008898911248599555,117,0.6133333333333333,,,0.45333333333333325,UNCLASSIFIED,falls between configured gate tiers,154,154,-154.0,0.0708833151581243,0.04781428596932423,0.07815339876408567,0.05241408746224768
gate_first,600176,2026-04-08,2026-04-08,-0.00010904383445643786,257,0.14666666666666667,0.005140973719192032,38,0.8766666666666667,,,0.73,UNCLASSIFIED,falls between configured gate tiers,155,155,-155.0,0.159669895945461,0.13660086675666094,0.17868675995694305,0.15294744865510507
gate_first,600346,2026-04-08,2026-04-08,-0.00024078199214783258,263,0.12666666666666668,0.002004058455401493,92,0.6966666666666667,,,0.57,UNCLASSIFIED,falls between configured gate tiers,156,156,-156.0,-0.027331887201735294,-0.05040091639053536,0.03687635574837311,0.011137044446535127
gate_first,603296,2026-04-08,2026-04-08,-0.0002842552019013165,264,0.12333333333333334,0.0032595879285398444,58,0.81,,,0.6866666666666668,UNCLASSIFIED,falls between configured gate tiers,157,157,-157.0,-0.007576840600428847,-0.030645869789228907,-0.014867762687634123,-0.04060707398947211
gate_first,002463,2026-04-08,2026-04-08,-0.00028701733989865575,265,0.12,0.0053460296089675495,34,0.89,,,0.77,UNCLASSIFIED,falls between configured gate tiers,158,158,-158.0,0.13635299625468167,0.1132839670658816,0.09971910112359539,0.0739797898217574
gate_first,603288,2026-04-08,2026-04-08,-0.000632583465860182,272,0.09666666666666666,0.0014956506758316368,103,0.66,,,0.5633333333333334,UNCLASSIFIED,falls between configured gate tiers,159,159,-159.0,-0.009199403281949237,-0.0322684324707493,-0.009945300845350502,-0.03568461214718849
gate_first,002074,2026-04-08,2026-04-08,-0.0009117496173119528,280,0.07,0.002595092621193453,73,0.76,,,0.69,UNCLASSIFIED,falls between configured gate tiers,160,160,-160.0,0.1315192743764173,0.10845024518761724,0.12755102040816335,0.10181170910632537
gate_first,300442,2026-04-08,2026-04-08,-0.0011541867090422916,285,0.05333333333333334,0.005247614769320543,36,0.8833333333333333,,,0.83,UNCLASSIFIED,falls between configured gate tiers,161,161,-161.0,0.04410585404971923,0.02103682486091917,0.09726200022912135,0.07152268892728336
gate_first,002001,2026-04-08,2026-04-08,-0.0013425297891604614,287,0.04666666666666667,0.0024523354426767914,76,0.75,,,0.7033333333333334,UNCLASSIFIED,falls between configured gate tiers,162,162,-162.0,0.03450194769059545,0.011432918501795387,0.019476905954368462,-0.006262405347469524
gate_first,002648,2026-04-08,2026-04-08,-0.0018990186313744637,290,0.03666666666666667,0.004406199928625138,43,0.86,,,0.8233333333333334,UNCLASSIFIED,falls between configured gate tiers,163,163,-163.0,0.03931987247608926,0.016250843287289197,-0.022316684378320906,-0.04805599568015889
gate_first,002353,2026-04-08,2026-04-08,-0.004771088665823157,295,0.02,0.00396478553089618,50,0.8366666666666667,,,0.8166666666666667,UNCLASSIFIED,falls between configured gate tiers,164,164,-164.0,-0.01545056711619186,-0.038519596304991924,0.03384835223720639,0.008109040935368406
gate_first,600522,2026-04-08,2026-04-08,-0.0060046613375274996,298,0.01,0.0019493924970237478,94,0.69,,,0.6799999999999999,UNCLASSIFIED,falls between configured gate tiers,165,165,-165.0,-0.09777070063694271,-0.12083972982574277,-0.10828025477707004,-0.13401956607890803
gate_first,002709,2026-04-08,2026-04-08,0.0003219609249890718,238,0.21,0.016415129278452848,4,0.99,,,0.78,D_OBSERVE,recent strong but base model is weak,166,166,-166.0,0.12439862542955327,0.1013295962407532,0.1200458190148912,0.09430650771305321
gate_first,002384,2026-04-08,2026-04-08,-0.002040156042425304,291,0.03333333333333333,0.011930612300801094,6,0.9833333333333333,,,0.95,D_OBSERVE,recent strong but base model is weak,167,167,-167.0,0.10689916603487482,0.08383013684607475,0.13381349507202422,0.10807418377018624
gate_first,300476,2026-04-08,2026-04-08,-0.0015435150174052,289,0.04,0.009937072734638753,11,0.9666666666666667,,,0.9266666666666666,D_OBSERVE,recent strong but base model is weak,168,168,-168.0,0.1150490533251276,0.09198002413632754,0.09872207942656486,0.07298276812472687
gate_first,000977,2026-04-08,2026-04-08,0.00025875908981659243,241,0.2,0.009126854106792913,13,0.96,,,0.76,D_OBSERVE,recent strong but base model is weak,169,169,-169.0,0.04490235276026455,0.021833323571464492,0.04936183300015373,0.023622521698315746
gate_first,600010,2026-04-08,2026-04-08,-0.0008983759765221022,279,0.07333333333333333,0.007621469510722517,17,0.9466666666666667,,,0.8733333333333333,D_OBSERVE,recent strong but base model is weak,170,170,-170.0,-0.0034843205574913716,-0.026553349746291432,0.0034843205574912606,-0.022254990744346725
gate_first,600989,2026-04-08,2026-04-08,0.002042800413843904,153,0.49333333333333335,0.007187076122582238,19,0.94,,,0.4466666666666666,D_OBSERVE,recent strong but base model is weak,171,171,-171.0,-0.00444900752908961,-0.02751803671788967,-0.049623545516769285,-0.07536285681860727
gate_first,688036,2026-04-08,2026-04-08,0.0006764289451221628,215,0.2866666666666667,0.006699380196975198,23,0.9266666666666666,,,0.6399999999999999,D_OBSERVE,recent strong but base model is weak,172,172,-172.0,-0.0009723842862700005,-0.02404141347507006,0.029171528588098017,0.003432217286260031
gate_first,002460,2026-04-08,2026-04-08,-0.0014191660930732426,288,0.043333333333333335,0.005613274017669095,29,0.9066666666666666,,,0.8633333333333333,D_OBSERVE,recent strong but base model is weak,173,173,-173.0,0.08974200715960978,0.06667297797080972,0.056659671645475695,0.03092036034363771
gate_first,301165,2026-04-08,2026-04-08,-0.0055103783451422176,297,0.013333333333333334,0.005607630962516991,30,0.9033333333333333,,,0.89,D_OBSERVE,recent strong but base model is weak,174,174,-174.0,0.009321515892420473,-0.013747513296379587,0.03743887530562362,0.011699564003785634
gate_first,601901,2026-04-08,2026-04-08,0.003459354134078678,122,0.5966666666666667,-0.001391410650047205,255,0.15333333333333332,,,-0.44333333333333336,E_REJECT,base and recent are both weak,175,175,-175.0,0.030259365994236287,0.007190336805436227,0.025936599423631135,0.0001972881217931488
gate_first,002532,2026-04-08,2026-04-08,0.0034541910920373536,123,0.5933333333333334,-0.00632807833972706,295,0.02,,,-0.5733333333333334,E_REJECT,base and recent are both weak,176,176,-176.0,0.0010758472296934496,-0.02199318195910661,0.04357181280258193,0.017832501500743947
gate_first,600061,2026-04-08,2026-04-08,0.003439498847672338,124,0.59,0.00043316204597910427,138,0.5433333333333333,,,-0.046666666666666634,E_REJECT,base and recent are both weak,177,177,-177.0,0.033973412112260126,0.010904382923460066,0.028064992614475592,0.0023256813126376064
gate_first,600489,2026-04-08,2026-04-08,0.003181262504417616,129,0.5733333333333334,-0.0031648158231293647,283,0.06,,,-0.5133333333333334,E_REJECT,base and recent are both weak,178,178,-178.0,-0.03383729301655869,-0.05690632220535875,-0.025557955363570972,-0.05129726666540896
gate_first,601238,2026-04-08,2026-04-08,0.003142486107419764,130,0.57,0.00016092849903174194,158,0.4766666666666667,,,-0.09333333333333327,E_REJECT,base and recent are both weak,179,179,-179.0,0.02231520223152028,-0.0007538269572797789,0.01673640167364021,-0.009002909628197775
gate_first,600918,2026-04-08,2026-04-08,0.0030823028352278546,131,0.5666666666666667,-0.001977038192984442,262,0.13,,,-0.43666666666666665,E_REJECT,base and recent are both weak,180,180,-180.0,0.02170283806343898,-0.0013661911253610819,0.016694490818029983,-0.009044820483808003
gate_first,688041,2026-04-08,2026-04-08,0.0029986106612666674,132,0.5633333333333334,-0.0005460431406712055,213,0.29333333333333333,,,-0.27,E_REJECT,base and recent are both weak,181,181,-181.0,0.09594713656387666,0.07287810737507659,0.1145374449339207,0.08879813363208272
gate_first,601059,2026-04-08,2026-04-08,0.00297933246237632,134,0.5566666666666666,-0.0004853553963303694,209,0.30666666666666664,,,-0.25,E_REJECT,base and recent are both weak,182,182,-182.0,0.029625151148730433,0.006556121959930373,0.024788391777509133,-0.0009509195243288526
gate_first,300059,2026-04-08,2026-04-08,0.0029733103528646883,135,0.5533333333333333,-0.00019657515119264965,188,0.37666666666666665,,,-0.1766666666666667,E_REJECT,base and recent are both weak,183,183,-183.0,0.06309650053022287,0.0400274713414228,0.058324496288441274,0.03258518498660329
gate_first,601136,2026-04-08,2026-04-08,0.0028649776376682592,136,0.55,-0.0013301556157554494,251,0.16666666666666666,,,-0.3833333333333334,E_REJECT,base and recent are both weak,184,184,-184.0,0.02986932171748613,0.00680029252868607,0.020535158680771604,-0.005204152621066382
gate_first,601881,2026-04-08,2026-04-08,0.0028593664046830175,137,0.5466666666666666,0.0002747000531277622,151,0.5,,,-0.046666666666666634,E_REJECT,base and recent are both weak,185,185,-185.0,0.03238546603475512,0.009316436845955057,0.025276461295418606,-0.0004628500064193797
gate_first,002920,2026-04-08,2026-04-08,0.002691387646989768,138,0.5433333333333333,-0.0012409610619198849,248,0.17666666666666667,,,-0.3666666666666667,E_REJECT,base and recent are both weak,186,186,-186.0,0.004350293171931252,-0.018718736016868808,0.02506147153395122,-0.0006778397678867676
gate_first,600160,2026-04-08,2026-04-08,0.0025901990304629903,140,0.5366666666666666,0.00010490795023624242,164,0.45666666666666667,,,-0.07999999999999996,E_REJECT,base and recent are both weak,187,187,-187.0,0.018620890311318083,-0.004448138877481977,-0.01716613325574623,-0.042905444557584216
gate_first,000625,2026-04-08,2026-04-08,0.0025821888310502156,141,0.5333333333333333,-0.00044116260437113196,206,0.31666666666666665,,,-0.21666666666666667,E_REJECT,base and recent are both weak,188,188,-188.0,0.008982035928143617,-0.014086993260656443,0.012974051896207595,-0.012765259405630391
gate_first,600009,2026-04-08,2026-04-08,0.002577482378656441,142,0.53,-0.0004441488164317223,207,0.31333333333333335,,,-0.21666666666666667,E_REJECT,base and recent are both weak,189,189,-189.0,-0.009726224783861759,-0.03279525397266182,-0.011887608069164335,-0.03762691937100232
gate_first,302132,2026-04-08,2026-04-08,0.00252926169344426,143,0.5266666666666666,-0.0021915874390716922,268,0.11,,,-0.41666666666666663,E_REJECT,base and recent are both weak,190,190,-190.0,0.04626013817963348,0.02319110899083342,0.028837488735355965,0.003098177433517979
gate_first,000338,2026-04-08,2026-04-08,0.0025200719156557713,144,0.5233333333333333,-0.00012397786341316946,180,0.4033333333333333,,,-0.12,E_REJECT,base and recent are both weak,191,191,-191.0,0.007698229407236301,-0.015370799781563759,0.054657428791377916,0.02891811748953993
gate_first,600958,2026-04-08,2026-04-08,0.002442225249750053,146,0.5166666666666667,0.00037740447769689606,143,0.5266666666666666,,,0.009999999999999898,E_REJECT,base and recent are both weak,192,192,-192.0,0.030905077262693093,0.007836048073893032,0.024282560706401668,-0.001456750595436318
gate_first,601988,2026-04-08,2026-04-08,0.002263366686987158,148,0.51,0.000577555039422297,134,0.5566666666666666,,,0.046666666666666634,E_REJECT,base and recent are both weak,193,193,-193.0,0.007029876977152849,-0.01603915221164721,0.017574692442882123,-0.008164618858955863
gate_first,300015,2026-04-08,2026-04-08,0.0022492030481342383,149,0.5066666666666667,-0.0010512016140586866,237,0.21333333333333335,,,-0.29333333333333333,E_REJECT,base and recent are both weak,194,194,-194.0,0.012631578947368327,-0.010437450241431733,0.008421052631578885,-0.0173182586702591
gate_first,601998,2026-04-08,2026-04-08,0.0022024023624675473,151,0.5,0.00031314624196101073,148,0.51,,,0.010000000000000009,E_REJECT,base and recent are both weak,195,195,-195.0,0.00498132004981322,-0.01808770913898684,0.0062266500622665255,-0.01951266123957146
gate_first,000100,2026-04-08,2026-04-08,0.002046576039650295,152,0.49666666666666665,-0.000696289940079062,223,0.26,,,-0.23666666666666664,E_REJECT,base and recent are both weak,196,196,-196.0,0.0213776722090262,-0.0016913569797738608,0.009501187648456089,-0.016238123653381897
gate_first,601728,2026-04-08,2026-04-08,0.0019438474954062656,154,0.49,-0.0007687207898751023,226,0.25,,,-0.24,E_REJECT,base and recent are both weak,197,197,-197.0,0.008833922261484162,-0.014235106927315899,0.0176678445229681,-0.008071466778869885
gate_first,600019,2026-04-08,2026-04-08,0.0019064453738455534,155,0.4866666666666667,-9.212461887078884e-05,175,0.42,,,-0.06666666666666671,E_REJECT,base and recent are both weak,198,198,-198.0,0.009374999999999911,-0.013694029188800149,-0.006249999999999978,-0.031989311301837964
gate_first,600027,2026-04-08,2026-04-08,0.0018439985507255877,156,0.48333333333333334,-0.00216569820599867,266,0.11666666666666667,,,-0.3666666666666667,E_REJECT,base and recent are both weak,199,199,-199.0,0.004366812227074135,-0.018702216961725925,0.017467248908296984,-0.008272062393541002
gate_first,600050,2026-04-08,2026-04-08,0.0018298100945439717,157,0.48,-0.0007216896791179654,225,0.25333333333333335,,,-0.22666666666666663,E_REJECT,base and recent are both weak,200,200,-200.0,0.013274336283185972,-0.009794692905614088,0.017699115044247815,-0.008040196257590171
gate_first,600015,2026-04-08,2026-04-08,0.0018252648797085764,158,0.4766666666666667,0.0002303268133178482,154,0.49,,,0.013333333333333308,E_REJECT,base and recent are both weak,201,201,-201.0,-0.001366120218579292,-0.024435149407379352,-0.015027322404371657,-0.04076663370620964
gate_first,601169,2026-04-08,2026-04-08,0.0017003120565273048,159,0.47333333333333333,-6.332113073759917e-05,172,0.43,,,-0.043333333333333335,E_REJECT,base and recent are both weak,202,202,-202.0,0.005555555555555536,-0.017513473633244524,0.005555555555555536,-0.02018375574628245
gate_first,000166,2026-04-08,2026-04-08,0.0016625736377755647,160,0.47,-0.00010841107154783164,178,0.41,,,-0.06,E_REJECT,base and recent are both weak,203,203,-203.0,0.028017241379310276,0.004948212190510216,0.0237068965517242,-0.002032414750113787
gate_first,600926,2026-04-08,2026-04-08,0.0016455864539927966,161,0.4666666666666667,0.0006577760084489633,129,0.5733333333333334,,,0.10666666666666669,E_REJECT,base and recent are both weak,204,204,-204.0,0.008907363420427528,-0.014161665768372533,-0.005344418052256494,-0.03108372935409448
gate_first,600674,2026-04-08,2026-04-08,0.0016263330722794996,162,0.4633333333333333,0.0006515967646741593,130,0.57,,,0.10666666666666663,E_REJECT,base and recent are both weak,205,205,-205.0,-0.017053206002728527,-0.04012223519152859,0.0,-0.025739311301837986
gate_first,601825,2026-04-08,2026-04-08,0.001617551120126351,164,0.45666666666666667,0.0006810952223734023,127,0.58,,,0.1233333333333333,E_REJECT,base and recent are both weak,206,206,-206.0,0.019911504424778848,-0.0031575247640212127,0.014380530973451489,-0.011358780328386497
gate_first,601995,2026-04-08,2026-04-08,0.0014630919974321576,166,0.45,-0.0002795659041436153,197,0.3466666666666667,,,-0.10333333333333333,E_REJECT,base and recent are both weak,207,207,-207.0,0.034812076401725234,0.011743047212925174,0.044978434996919336,0.01923912369508135
gate_first,601939,2026-04-08,2026-04-08,0.0014266212813432587,167,0.44666666666666666,-0.0001819040867127639,185,0.38666666666666666,,,-0.06,E_REJECT,base and recent are both weak,208,208,-208.0,0.009708737864077666,-0.013360291324722395,0.01941747572815533,-0.006321835573682655
gate_first,600030,2026-04-08,2026-04-08,0.0013898995237549307,168,0.44333333333333336,-0.001525981105038506,258,0.14333333333333334,,,-0.30000000000000004,E_REJECT,base and recent are both weak,209,209,-209.0,0.08459595959595956,0.061526930407159494,0.08964646464646453,0.06390715334462654
gate_first,601328,2026-04-08,2026-04-08,0.0013783562011521317,169,0.44,0.00029456838430812275,150,0.5033333333333333,,,0.0633333333333333,E_REJECT,base and recent are both weak,210,210,-210.0,0.00877192982456143,-0.01429709936423863,0.011695906432748648,-0.014043404869089338
gate_first,000999,2026-04-08,2026-04-08,0.0013516308655391427,171,0.43333333333333335,0.0005056494909153694,136,0.55,,,0.1166666666666667,E_REJECT,base and recent are both weak,211,211,-211.0,-0.00999259807549957,-0.033061627264299634,0.0037009622501851247,-0.02203834905165286
gate_first,000988,2026-04-08,2026-04-08,0.0013357902415036857,172,0.43,-0.005195041748070107,294,0.023333333333333334,,,-0.4066666666666667,E_REJECT,base and recent are both weak,212,212,-212.0,0.04959037824647039,0.02652134905767033,-0.022659926791005702,-0.04839923809284369
gate_first,300033,2026-04-08,2026-04-08,0.001292795980265609,174,0.42333333333333334,-0.0010616247793370874,238,0.21,,,-0.21333333333333335,E_REJECT,base and recent are both weak,213,213,-213.0,0.1071115013169448,0.08404247212814474,0.1079432558569382,0.08220394455510022
gate_first,600016,2026-04-08,2026-04-08,0.0012841871067939545,175,0.42,-0.002033199088389041,264,0.12333333333333334,,,-0.29666666666666663,E_REJECT,base and recent are both weak,214,214,-214.0,0.00540540540540535,-0.01766362378339471,0.00540540540540535,-0.020333905896432636
gate_first,003816,2026-04-08,2026-04-08,0.00127351016096752,176,0.4166666666666667,0.0005377943828606757,135,0.5533333333333333,,,0.13666666666666666,E_REJECT,base and recent are both weak,215,215,-215.0,-0.022026431718061623,-0.04509546090686169,-0.026431718061673992,-0.05217102936351198
gate_first,601916,2026-04-08,2026-04-08,0.001259800412980902,177,0.41333333333333333,0.00020634033590248473,156,0.48333333333333334,,,0.07,E_REJECT,base and recent are both weak,216,216,-216.0,0.006734006734006703,-0.016335022454793357,0.01683501683501687,-0.008904294466821117
gate_first,601857,2026-04-08,2026-04-08,0.0012425336364767334,178,0.41,-0.0029667246002941816,280,0.07,,,-0.33999999999999997,E_REJECT,base and recent are both weak,217,217,-217.0,-0.014049586776859524,-0.03711861596565959,-0.037190082644628086,-0.06292939394646607
gate_first,002027,2026-04-08,2026-04-08,0.001223940252551423,180,0.4033333333333333,-0.0010957288650863587,241,0.2,,,-0.2033333333333333,E_REJECT,base and recent are both weak,218,218,-218.0,0.0,-0.02306902918880006,-0.0015873015873015817,-0.027326612889139568
gate_first,600104,2026-04-08,2026-04-08,0.0012139351689867282,181,0.4,0.00041665466762768016,141,0.5333333333333333,,,0.1333333333333333,E_REJECT,base and recent are both weak,219,219,-219.0,0.006419400855920188,-0.016649628332879873,0.0021398002853068032,-0.023599511016531183
gate_first,600018,2026-04-08,2026-04-08,0.0011901407450858612,182,0.39666666666666667,0.00013082019348573354,160,0.4683333333333333,,,0.07166666666666666,E_REJECT,base and recent are both weak,220,220,-220.0,-0.001996007984031878,-0.025065037172831938,-0.0059880239520956335,-0.03172733525393362
gate_first,000001,2026-04-08,2026-04-08,0.0011638215634642622,184,0.39,-7.444738186210651e-05,174,0.42333333333333334,,,0.033333333333333326,E_REJECT,base and recent are both weak,221,221,-221.0,0.005581395348837281,-0.01748763383996278,-0.0009302325581395099,-0.026669543859977496
gate_first,601658,2026-04-08,2026-04-08,0.001143265185276455,185,0.38666666666666666,-0.00043189101333294234,204,0.3233333333333333,,,-0.06333333333333335,E_REJECT,base and recent are both weak,222,222,-222.0,0.005976095617529875,-0.017092933571270185,0.009960159362550014,-0.015779151939287972
gate_first,601066,2026-04-08,2026-04-08,0.0011035341559142908,186,0.38333333333333336,-0.00025039028058851257,192,0.36333333333333334,,,-0.020000000000000018,E_REJECT,base and recent are both weak,223,223,-223.0,0.02857142857142847,0.00550239938262841,0.02669789227166275,0.0009585809698247627
gate_first,000725,2026-04-08,2026-04-08,0.001099279845261714,187,0.38,-0.002766685783060029,277,0.08,,,-0.3,E_REJECT,base and recent are both weak,224,224,-224.0,0.002512562814070307,-0.020556466374729753,0.005025125628140614,-0.020714185673697372
gate_first,601288,2026-04-08,2026-04-08,0.0010697195084838442,188,0.37666666666666665,-0.0014485788875830046,256,0.15,,,-0.22666666666666666,E_REJECT,base and recent are both weak,225,225,-225.0,0.02472952086553315,0.0016604916767330898,0.0618238021638331,0.03608449086199511
gate_first,601009,2026-04-08,2026-04-08,0.0010361554273509343,189,0.37333333333333335,-0.0004940190509601483,211,0.3,,,-0.07333333333333336,E_REJECT,base and recent are both weak,226,226,-226.0,-0.0037002775208141436,-0.026769306709614204,0.008325624421831712,-0.017413686880006274
gate_first,600028,2026-04-08,2026-04-08,0.001018873752371939,191,0.36666666666666664,-3.164740482422281e-05,171,0.43333333333333335,,,0.06666666666666671,E_REJECT,base and recent are both weak,227,227,-227.0,-0.010507880910682998,-0.03357691009948306,-0.031523642732048995,-0.05726295403388698
gate_first,002736,2026-04-08,2026-04-08,0.0010162655339848573,192,0.36333333333333334,-7.032019491452002e-05,173,0.4266666666666667,,,0.06333333333333335,E_REJECT,base and recent are both weak,228,228,-228.0,0.06016408386508654,0.037095054676286474,0.08021877848678205,0.054479467184944064
gate_first,002415,2026-04-08,2026-04-08,0.0010010777140933647,193,0.36,-0.00031192476480016416,201,0.3333333333333333,,,-0.026666666666666672,E_REJECT,base and recent are both weak,229,229,-229.0,0.08846025939474544,0.06539123020594538,0.09045560359161953,0.06471629228978154
gate_first,688009,2026-04-08,2026-04-08,0.000979791342078776,194,0.3566666666666667,0.0005965944439383077,133,0.56,,,0.20333333333333337,E_REJECT,base and recent are both weak,230,230,-230.0,-0.01098901098901095,-0.034058040177811014,-0.020146520146520186,-0.04588583144835817
gate_first,601166,2026-04-08,2026-04-08,0.0009765271615759033,195,0.35333333333333333,-0.0006264229416169454,217,0.28,,,-0.0733333333333333,E_REJECT,base and recent are both weak,231,231,-231.0,-0.0016574585635359407,-0.024726487752336,0.0005524861878452025,-0.025186825113992783
gate_first,600919,2026-04-08,2026-04-08,0.0009205047100505955,197,0.3466666666666667,-0.0006179481941707612,216,0.2833333333333333,,,-0.06333333333333335,E_REJECT,base and recent are both weak,232,232,-232.0,0.0009250693802034249,-0.022143959808596635,0.008325624421831712,-0.017413686880006274
gate_first,600036,2026-04-08,2026-04-08,0.0009059280836646408,198,0.3433333333333333,-0.0004493958983876317,208,0.31,,,-0.033333333333333326,E_REJECT,base and recent are both weak,233,233,-233.0,-0.0033112582781456013,-0.02638028746694566,0.01655629139072845,-0.009183019911109536
gate_first,002142,2026-04-08,2026-04-08,0.0008478552024542146,201,0.3333333333333333,-0.0004192586046891777,203,0.32666666666666666,,,-0.006666666666666654,E_REJECT,base and recent are both weak,234,234,-234.0,0.026910299003322313,0.003841269814522253,0.039867109634551534,0.014127798332713548
gate_first,002028,2026-04-08,2026-04-08,0.0008382423408337923,202,0.33,-0.002361940640906833,273,0.09333333333333334,,,-0.2366666666666667,E_REJECT,base and recent are both weak,235,235,-235.0,0.01642984014209592,-0.006639189046704141,0.06512729425695674,0.03938798295511875
gate_first,601766,2026-04-08,2026-04-08,0.0008143433382896616,203,0.32666666666666666,-0.00024477482360202047,190,0.37,,,0.043333333333333335,E_REJECT,base and recent are both weak,236,236,-236.0,0.009708737864077666,-0.013360291324722395,0.0016181229773464256,-0.02412118832449156
gate_first,601919,2026-04-08,2026-04-08,0.0008099918282490412,205,0.32,-0.00019507980278342637,187,0.38,,,0.06,E_REJECT,base and recent are both weak,237,237,-237.0,-0.003289473684210509,-0.02635850287301057,-0.018421052631578894,-0.04416036393341688
gate_first,688271,2026-04-08,2026-04-08,0.0007990217690984815,206,0.31666666666666665,-0.003051306326082452,281,0.06666666666666667,,,-0.25,E_REJECT,base and recent are both weak,238,238,-238.0,0.016934125365723807,-0.0061349038230762536,0.015249578863374413,-0.010489732438463573
gate_first,300999,2026-04-08,2026-04-08,0.0007598220169815746,208,0.31,-0.002174153651834145,267,0.11333333333333333,,,-0.19666666666666666,E_REJECT,base and recent are both weak,239,239,-239.0,0.01076812634601576,-0.0123009028427843,0.016511127063890907,-0.009228184237947079
gate_first,601816,2026-04-08,2026-04-08,0.0007367091603861489,210,0.30333333333333334,-0.00010128199721484199,177,0.41333333333333333,,,0.10999999999999999,E_REJECT,base and recent are both weak,240,240,-240.0,-0.012024048096192508,-0.03509307728499257,-0.012024048096192508,-0.037763359398030494
gate_first,601668,2026-04-08,2026-04-08,0.0007038805259641551,211,0.3,-0.0008036816457043796,228,0.24333333333333335,,,-0.05666666666666664,E_REJECT,base and recent are both weak,241,241,-241.0,0.002016129032258007,-0.021052900156542053,0.0040322580645162365,-0.02170705323732175
gate_first,000651,2026-04-08,2026-04-08,0.0007030394144659784,212,0.2966666666666667,0.0002583857312997158,153,0.49333333333333335,,,0.19666666666666666,E_REJECT,base and recent are both weak,242,242,-242.0,-0.001071811361200381,-0.02414084055000044,0.0,-0.025739311301837986
gate_first,601211,2026-04-08,2026-04-08,0.0006882654218293455,214,0.29,0.0006670196619016362,128,0.5766666666666667,,,0.2866666666666667,E_REJECT,base and recent are both weak,243,243,-243.0,0.04321363359707853,0.020144604408278467,0.04260499087035896,0.016865679568520975
gate_first,600000,2026-04-08,2026-04-08,0.0006209133603385573,216,0.2833333333333333,0.00013611919873169723,159,0.47333333333333333,,,0.19,E_REJECT,base and recent are both weak,244,244,-244.0,0.012084592145015227,-0.010984437043784833,0.007049345417925457,-0.01868996588391253
gate_first,601006,2026-04-08,2026-04-08,0.00050889402726497,220,0.27,0.00013082019348573354,161,0.4683333333333333,,,0.1983333333333333,E_REJECT,base and recent are both weak,245,245,-245.0,0.01547388781431347,-0.007595141374486591,0.023210831721470093,-0.0025284795803678928
gate_first,000792,2026-04-08,2026-04-08,0.00048280473201605116,222,0.2633333333333333,-0.0008045471839866827,229,0.24,,,-0.023333333333333317,E_REJECT,base and recent are both weak,246,246,-246.0,0.03903743315508024,0.015968403966280176,0.029679144385026834,0.003939833083188848
gate_first,600809,2026-04-08,2026-04-08,0.0004629092492488339,223,0.26,-0.0010663119273158657,239,0.20666666666666667,,,-0.053333333333333344,E_REJECT,base and recent are both weak,247,247,-247.0,-0.001794558897422971,-0.02486358808622303,0.013279735840930229,-0.012459575460907757
gate_first,600887,2026-04-08,2026-04-08,0.0004417215077754945,227,0.24666666666666667,0.000747426170430958,126,0.5833333333333334,,,0.33666666666666667,E_REJECT,base and recent are both weak,248,248,-248.0,-0.0047562425683710385,-0.0278252717571711,-0.019817677368212494,-0.04555698867005048
gate_first,600795,2026-04-08,2026-04-08,0.00043995734997216436,228,0.24333333333333335,0.00011152038989582693,163,0.46,,,0.21666666666666667,E_REJECT,base and recent are both weak,249,249,-249.0,-0.010266940451745366,-0.03333596964054543,-0.008213552361396315,-0.0339528636632343
gate_first,601186,2026-04-08,2026-04-08,0.0004382550346265673,229,0.24,-0.0008777170957729076,232,0.23,,,-0.009999999999999981,E_REJECT,base and recent are both weak,250,250,-250.0,-0.001434720229555153,-0.024503749418355213,-0.001434720229555153,-0.02717403153139314
gate_first,600406,2026-04-08,2026-04-08,0.0004380731711798787,230,0.23666666666666666,-0.0011765307266733691,243,0.19333333333333333,,,-0.043333333333333335,E_REJECT,base and recent are both weak,251,251,-251.0,0.008089368258859864,-0.014979660929940197,0.03505392912172578,0.009314617819887794
gate_first,600941,2026-04-08,2026-04-08,0.0004234893924521675,231,0.23333333333333334,-0.0014504650367672884,257,0.14666666666666667,,,-0.08666666666666667,E_REJECT,base and recent are both weak,252,252,-252.0,-0.0009827473247434604,-0.02405177651354352,0.00021838829438736163,-0.025520923007450624
gate_first,601800,2026-04-08,2026-04-08,0.0004186239363653186,232,0.23,-0.0011538972282859323,242,0.19666666666666666,,,-0.033333333333333354,E_REJECT,base and recent are both weak,253,253,-253.0,0.003968253968253954,-0.019100775220546106,0.003968253968253954,-0.021771057333584032
gate_first,600886,2026-04-08,2026-04-08,0.00041598130567818865,233,0.22666666666666666,-0.00012630305256636348,181,0.4,,,0.17333333333333337,E_REJECT,base and recent are both weak,254,254,-254.0,-0.017830609212481474,-0.04089963840128154,-0.00965824665676085,-0.035397557958598835
gate_first,001965,2026-04-08,2026-04-08,0.0004155415717717806,234,0.22333333333333333,8.879223352749937e-05,168,0.44333333333333336,,,0.22000000000000003,E_REJECT,base and recent are both weak,255,255,-255.0,0.010309278350515427,-0.012759750838284633,0.060710194730813294,0.03497088342897531
gate_first,600585,2026-04-08,2026-04-08,0.00036435481460146815,236,0.21666666666666667,0.0004303238953032003,139,0.54,,,0.32333333333333336,E_REJECT,base and recent are both weak,256,256,-256.0,-0.009186351706036766,-0.03225538089483683,-0.026684164479439998,-0.052423475781277984
gate_first,601618,2026-04-08,2026-04-08,0.0003439659080578176,237,0.21333333333333335,-0.0002471307062313906,191,0.36666666666666664,,,0.1533333333333333,E_REJECT,base and recent are both weak,257,257,-257.0,0.006734006734006703,-0.016335022454793357,0.006734006734006703,-0.019005304567831283
gate_first,002714,2026-04-08,2026-04-08,0.00030569560648409816,239,0.20666666666666667,-0.00018871061831237328,186,0.38333333333333336,,,0.1766666666666667,E_REJECT,base and recent are both weak,258,258,-258.0,0.04524469067405357,0.022175661485253507,0.0602493074792243,0.034509996177386315
gate_first,601818,2026-04-08,2026-04-08,0.00028677961540211,240,0.20333333333333334,-0.000258428905480179,193,0.36,,,0.15666666666666665,E_REJECT,base and recent are both weak,259,259,-259.0,0.0031347962382446415,-0.01993423295055542,0.0031347962382446415,-0.022604515063593345
gate_first,601229,2026-04-08,2026-04-08,0.0002513158443441845,242,0.19666666666666666,-0.0009197888887115899,233,0.22666666666666666,,,0.03,E_REJECT,base and recent are both weak,260,260,-260.0,0.018104366347177825,-0.004964662841622235,0.019169329073482455,-0.006569982228355531
gate_first,000538,2026-04-08,2026-04-08,0.00022012240620556263,243,0.19333333333333333,-0.0002965948888146763,199,0.34,,,0.1466666666666667,E_REJECT,base and recent are both weak,261,261,-261.0,-0.0009345794392522366,-0.024003608628052297,0.007663551401869029,-0.018075759899968957
gate_first,000708,2026-04-08,2026-04-08,0.00020753378274575881,244,0.19,0.00037344007986776437,144,0.5233333333333333,,,0.3333333333333333,E_REJECT,base and recent are both weak,262,262,-262.0,-0.009762050030506453,-0.032831079219306517,-0.0036607687614400586,-0.029400080063278045
gate_first,000895,2026-04-08,2026-04-08,0.00016563595787292163,245,0.18666666666666668,0.00018892167928587678,157,0.48,,,0.29333333333333333,E_REJECT,base and recent are both weak,263,263,-263.0,0.0252319109461967,0.0021628817573966404,0.035992578849721735,0.010253267547883749
gate_first,600039,2026-04-08,2026-04-08,0.00016177066906541266,246,0.18333333333333332,-0.0004886757253383113,210,0.30333333333333334,,,0.12000000000000002,E_REJECT,base and recent are both weak,264,264,-264.0,0.002125398512220933,-0.020943630676579127,0.02125398512221044,-0.004485326179627547
gate_first,601868,2026-04-08,2026-04-08,0.00016069832722149087,247,0.18,0.0001237514315108334,162,0.4633333333333333,,,0.2833333333333333,E_REJECT,base and recent are both weak,265,265,-265.0,0.0,-0.02306902918880006,0.006993006993007089,-0.018746304308830897
gate_first,600760,2026-04-08,2026-04-08,0.0001535036910972104,248,0.17666666666666667,-0.00043710903332474035,205,0.32,,,0.14333333333333334,E_REJECT,base and recent are both weak,266,266,-266.0,0.07514207535255735,0.05207304616375728,0.056409177015365186,0.0306698657135272
gate_first,601100,2026-04-08,2026-04-08,0.00011885272374954892,249,0.17333333333333334,-0.0006420109876061692,219,0.2733333333333333,,,0.09999999999999998,E_REJECT,base and recent are both weak,267,267,-267.0,0.036067193675889175,0.012998164487089115,0.05731225296442677,0.03157294166258878
gate_first,601225,2026-04-08,2026-04-08,0.0001186116956658186,250,0.17,0.0007872208998797006,123,0.595,,,0.42499999999999993,E_REJECT,base and recent are both weak,268,268,-268.0,-0.010288880094974195,-0.03335790928377426,-0.011080332409972304,-0.03681964371181029
gate_first,601018,2026-04-08,2026-04-08,6.586189412432953e-05,251,0.16666666666666666,-0.0004021586919766548,202,0.33,,,0.16333333333333336,E_REJECT,base and recent are both weak,269,269,-269.0,-0.015706806282722474,-0.03877583547152254,-0.007853403141361182,-0.03359271444319917
gate_first,600600,2026-04-08,2026-04-08,-2.5013273715287163e-05,254,0.15666666666666668,-0.0001730383456267607,183,0.3933333333333333,,,0.23666666666666664,E_REJECT,base and recent are both weak,270,270,-270.0,-0.009913655260633147,-0.03298268444943321,-0.007675087943715964,-0.03341439924555395
gate_first,601390,2026-04-08,2026-04-08,-5.0557676785495095e-05,255,0.15333333333333332,-9.615480585443135e-05,176,0.4166666666666667,,,0.26333333333333336,E_REJECT,base and recent are both weak,271,271,-271.0,0.005714285714285783,-0.017354743474514277,0.00952380952380949,-0.016215501778028496
gate_first,601898,2026-04-08,2026-04-08,-0.00010461781970840584,256,0.15,-0.0005759335679502379,214,0.29,,,0.13999999999999999,E_REJECT,base and recent are both weak,272,272,-272.0,-0.020737327188940058,-0.04380635637774012,-0.03571428571428581,-0.061453597016123795
gate_first,601398,2026-04-08,2026-04-08,-0.00011497705404599262,258,0.14333333333333334,-0.0013014623782191938,250,0.17,,,0.026666666666666672,E_REJECT,base and recent are both weak,273,273,-273.0,0.018156424581005526,-0.004912604607794534,0.018156424581005526,-0.00758288672083246
gate_first,600660,2026-04-08,2026-04-08,-0.00011905319128762364,259,0.14,-0.0012273773669345153,247,0.18,,,0.03999999999999998,E_REJECT,base and recent are both weak,274,274,-274.0,0.015392781316348136,-0.007676247872451924,0.02547770700636942,-0.0002616042954685649
gate_first,600905,2026-04-08,2026-04-08,-0.00014564681092252665,260,0.13666666666666666,-0.0005096580876335163,212,0.2966666666666667,,,0.16000000000000003,E_REJECT,base and recent are both weak,275,275,-275.0,0.004878048780487809,-0.01819098040831225,0.0,-0.025739311301837986
gate_first,300760,2026-04-08,2026-04-08,-0.00016833977982020232,261,0.13333333333333333,4.2827004948245916e-05,169,0.44,,,0.30666666666666664,E_REJECT,base and recent are both weak,276,276,-276.0,0.026564115822130363,0.003495086633330303,0.026564115822130363,0.000824804520292377
gate_first,600011,2026-04-08,2026-04-08,-0.0001725058658126846,262,0.13,0.0003619577895573354,146,0.5166666666666667,,,0.3866666666666667,E_REJECT,base and recent are both weak,277,277,-277.0,0.017569546120058677,-0.005499483068741384,0.02342606149341142,-0.002313249808426565
gate_first,600025,2026-04-08,2026-04-08,-0.00039390182287411395,266,0.11666666666666667,-0.00011690360152668923,179,0.4066666666666667,,,0.29000000000000004,E_REJECT,base and recent are both weak,278,278,-278.0,-0.018769551616266922,-0.041838580805066986,-0.0031282586027110426,-0.02886756990454903
gate_first,300866,2026-04-08,2026-04-08,-0.0004125871718845202,267,0.11333333333333333,-0.0032251085107340097,284,0.056666666666666664,,,-0.056666666666666664,E_REJECT,base and recent are both weak,279,279,-279.0,0.09508578075021812,0.07201675156141805,0.15372685858292146,0.12798754728108347
gate_first,600436,2026-04-08,2026-04-08,-0.0004430999040738248,268,0.11,-0.003809751419482104,287,0.04666666666666667,,,-0.06333333333333332,E_REJECT,base and recent are both weak,280,280,-280.0,-0.015441712505798844,-0.03851074169459891,-0.01868911127311279,-0.04442842257495078
gate_first,600900,2026-04-08,2026-04-08,-0.00044593854784695915,269,0.10666666666666667,-0.0008356573924376243,230,0.23666666666666666,,,0.13,E_REJECT,base and recent are both weak,281,281,-281.0,0.001136794240242489,-0.02193223494855757,0.0060629026146268306,-0.019676408687211155
gate_first,601088,2026-04-08,2026-04-08,-0.0005710095681560583,270,0.10333333333333333,0.0007872208998797006,122,0.595,,,0.49166666666666664,E_REJECT,base and recent are both weak,282,282,-282.0,-0.02415045949989314,-0.047219488688693204,-0.026928830946783444,-0.05266814224862143
gate_first,601012,2026-04-08,2026-04-08,-0.000577095270883063,271,0.1,-0.0009806965096356484,234,0.22333333333333333,,,0.12333333333333332,E_REJECT,base and recent are both weak,283,283,-283.0,0.037234042553191404,0.014165013364391344,0.034869976359338084,0.009130665057500098
gate_first,600188,2026-04-08,2026-04-08,-0.0007114567770670344,273,0.09333333333333334,-0.00014666815845072417,182,0.39666666666666667,,,0.30333333333333334,E_REJECT,base and recent are both weak,284,284,-284.0,0.028496042216358708,0.005427013027558648,0.022163588390501365,-0.0035757229113366207
gate_first,601985,2026-04-08,2026-04-08,-0.0007481042650878912,274,0.09,0.00022143814326816178,155,0.4866666666666667,,,0.3966666666666667,E_REJECT,base and recent are both weak,285,285,-285.0,0.0,-0.02306902918880006,0.006896551724137945,-0.01884275957770004
gate_first,300124,2026-04-08,2026-04-08,-0.0007883622901773708,275,0.08666666666666667,-0.0023598258163686635,272,0.09666666666666666,,,0.009999999999999995,E_REJECT,base and recent are both weak,286,286,-286.0,0.04633440024386526,0.0232653710550652,0.012040847431794122,-0.013698463870043864
gate_first,002594,2026-04-08,2026-04-08,-0.0007996236801515588,276,0.08333333333333333,9.007227351090006e-05,167,0.44666666666666666,,,0.36333333333333334,E_REJECT,base and recent are both weak,287,287,-287.0,0.048369181056245436,0.025300151867445376,0.06573765525598319,0.0399983439541452
gate_first,000617,2026-04-08,2026-04-08,-0.0008196652973980019,277,0.08,-0.00454969594709389,291,0.03333333333333333,,,-0.04666666666666667,E_REJECT,base and recent are both weak,288,288,-288.0,-0.05486044273339752,-0.07792947192219758,-0.06352261790182867,-0.08926192920366666
gate_first,002311,2026-04-08,2026-04-08,-0.0008972631166548211,278,0.07666666666666666,-0.001831396684123739,261,0.13333333333333333,,,0.05666666666666667,E_REJECT,base and recent are both weak,289,289,-289.0,-0.03387394785464992,-0.056942977043449985,-0.015602545678505386,-0.04134185698034337
gate_first,603392,2026-04-08,2026-04-08,-0.0009171215236315855,281,0.06666666666666667,-0.0010351932991134374,235,0.22,,,0.15333333333333332,E_REJECT,base and recent are both weak,290,290,-290.0,0.008255933952528327,-0.014813095236271733,0.015221878224974228,-0.010517433076863758
gate_first,000858,2026-04-08,2026-04-08,-0.001074103954990432,282,0.06333333333333334,-0.0006648281514608882,221,0.26666666666666666,,,0.2033333333333333,E_REJECT,base and recent are both weak,291,291,-291.0,0.004873294346978474,-0.018195734841821586,0.008187134502924076,-0.01755217679891391
gate_first,600111,2026-04-08,2026-04-08,-0.0010993591472263401,283,0.06,-0.003985039096552839,288,0.043333333333333335,,,-0.016666666666666663,E_REJECT,base and recent are both weak,292,292,-292.0,-0.024390243902438935,-0.047459273091239,-0.046651180797522174,-0.07239049209936016
gate_first,600519,2026-04-08,2026-04-08,-0.0011345262567888658,284,0.056666666666666664,-0.004923341303188905,293,0.02666666666666667,,,-0.029999999999999995,E_REJECT,base and recent are both weak,293,293,-293.0,-0.009305096234825228,-0.03237412542362529,0.0016090490177953498,-0.024130262284042636
gate_first,600482,2026-04-08,2026-04-08,-0.0011852881212635433,286,0.05,-0.0002945528405432984,198,0.3433333333333333,,,0.29333333333333333,E_REJECT,base and recent are both weak,294,294,-294.0,0.05223068552774768,0.029161656338947618,0.06093579978237229,0.035196488480534305
gate_first,601872,2026-04-08,2026-04-08,-0.0025477298515034414,292,0.03,-0.002197429832057923,269,0.10666666666666667,,,0.07666666666666667,E_REJECT,base and recent are both weak,295,295,-295.0,-0.061772151898734085,-0.08484118108753415,-0.0845569620253166,-0.11029627332715458
gate_first,600930,2026-04-08,2026-04-08,-0.0030062139544705982,293,0.02666666666666667,-0.0006128300777978932,215,0.2866666666666667,,,0.26,E_REJECT,base and recent are both weak,296,296,-296.0,0.0033167495854062867,-0.019752279603393774,0.0,-0.025739311301837986
gate_first,000975,2026-04-08,2026-04-08,-0.003352271968592888,294,0.023333333333333334,-0.00841781102341993,297,0.013333333333333334,,,-0.01,E_REJECT,base and recent are both weak,297,297,-297.0,-0.02797657774886142,-0.051045606937661483,-0.036109303838646745,-0.06184861514048473
gate_first,600938,2026-04-08,2026-04-08,-0.004829251993207933,296,0.016666666666666666,-0.0013471399386287772,254,0.15666666666666668,,,0.14,E_REJECT,base and recent are both weak,298,298,-298.0,-0.015922735578178027,-0.03899176476697809,-0.035238841033672696,-0.06097815233551068
gate_first,600026,2026-04-08,2026-04-08,-0.014815428921189231,299,0.006666666666666667,-0.0016977276068599434,259,0.14,,,0.13333333333333336,E_REJECT,base and recent are both weak,299,299,-299.0,-0.1099374021909233,-0.13300643137972334,-0.1396713615023475,-0.16541067280418548
gate_first,688506,2026-04-08,2026-04-08,-0.01961345915491708,300,0.0033333333333333335,-0.010565656668240386,299,0.006666666666666667,,,0.0033333333333333335,E_REJECT,base and recent are both weak,300,300,-300.0,-0.02868267358857879,-0.05175170277737885,0.014600908500973286,-0.0111384028008647
