arm,symbol,date,trade_date,base_score,base_rank,base_pct,recent_score,recent_rank,recent_pct,risk_flags,event_flags,arm_score,arm_rank,ret_fwd_3d,ret_fwd_3d_cs,ret_fwd_5d,ret_fwd_5d_cs
recent_heavy,688981,2026-05-25,2026-05-25,0.033002028588199325,2,0.9966666666666667,0.032106099093884295,3,0.9933333333333333,,,0.9943333333333333,1,-0.06213969701032318,-0.044928691493013144,-0.1119453009786836,-0.09564801045736346
recent_heavy,600183,2026-05-25,2026-05-25,0.02092190126210367,6,0.9833333333333333,0.03583049526410283,2,0.9966666666666667,,,0.9926666666666666,2,0.0971285109053821,0.11433951642269213,0.10065903028401069,0.11695632080533083
recent_heavy,300408,2026-05-25,2026-05-25,0.017418278563422665,11,0.9666666666666667,0.04939411159315115,1,1.0,,,0.99,3,0.1013426836568887,0.11855368917419873,0.1499187548105705,0.16621604533189063
recent_heavy,300274,2026-05-25,2026-05-25,0.01690536301130572,12,0.9633333333333334,0.0317488534104633,4,0.99,,,0.982,4,-0.005586904296329354,0.011624101220980683,-0.035141628023912075,-0.01884433750259193
recent_heavy,000988,2026-05-25,2026-05-25,0.037289496604359235,1,1.0,0.019177242437264288,11,0.9666666666666667,,,0.9766666666666666,5,-0.10803340390496352,-0.09082239838765349,-0.12373559162549985,-0.1074383011041797
recent_heavy,300661,2026-05-25,2026-05-25,0.01482909768271271,14,0.9566666666666667,0.02695730532231874,6,0.9833333333333333,,,0.9753333333333332,6,0.009514829418823867,0.026725834936133903,-0.08640493742499566,-0.07010764690367552
recent_heavy,300308,2026-05-25,2026-05-25,0.027689205071165665,3,0.9933333333333333,0.018403383114539228,12,0.9633333333333334,,,0.9723333333333333,7,0.052728921124206796,0.06993992664151683,0.08051677243880317,0.09681406296012332
recent_heavy,600460,2026-05-25,2026-05-25,0.011298162016354796,20,0.9366666666666666,0.02710187230562233,5,0.9866666666666667,,,0.9716666666666667,8,0.0206489675516226,0.037859973068932636,-0.025663716814159243,-0.009366426292839097
recent_heavy,300316,2026-05-25,2026-05-25,0.011394265484950226,19,0.94,0.02601613759535091,8,0.9766666666666667,,,0.9656666666666667,9,-0.05539033457249065,-0.038179329055180615,-0.12639405204460963,-0.11009676152328948
recent_heavy,002938,2026-05-25,2026-05-25,0.011804199381757122,18,0.9433333333333334,0.019841338128116743,10,0.97,,,0.962,10,-0.09476981985902011,-0.07755881434171008,-0.0354190235836741,-0.019121733062353957
recent_heavy,300394,2026-05-25,2026-05-25,0.012167318272173794,17,0.9466666666666667,0.014325910451335029,15,0.9533333333333334,,,0.9513333333333334,11,0.11908291673849325,0.13629392225580328,0.12349594897431482,0.13979323949563496
recent_heavy,002463,2026-05-25,2026-05-25,0.006492921325041436,33,0.8933333333333333,0.021715725090258257,9,0.9733333333333334,,,0.9493333333333334,12,-0.009898020395921026,0.007312985121389011,-0.017696460707858575,-0.0013991701865384287
recent_heavy,300433,2026-05-25,2026-05-25,0.007761419119663998,27,0.9133333333333333,0.017255016032879236,13,0.96,,,0.946,13,0.05249480249480265,0.06970580801211268,0.07146569646569656,0.0877629869870167
recent_heavy,600219,2026-05-25,2026-05-25,0.008137353518167164,26,0.9166666666666666,0.009934258312906204,20,0.9366666666666666,,,0.9306666666666665,14,-0.08450704225352101,-0.06729603673621098,-0.06338028169014076,-0.047082991168820615
recent_heavy,688256,2026-05-25,2026-05-25,0.020782045554458683,7,0.98,0.005975474123924117,29,0.9066666666666666,,,0.9286666666666665,15,-0.07155411918126664,-0.0543431136639566,-0.07864149231728756,-0.06234420179596742
recent_heavy,000338,2026-05-25,2026-05-25,0.005185296665971303,46,0.85,0.013764399481316136,16,0.95,,,0.9199999999999999,16,0.01406025824964141,0.03127126376695145,-0.07546628407460554,-0.05916899355328539
recent_heavy,002371,2026-05-25,2026-05-25,0.0035313046770840953,67,0.78,0.026441145149485118,7,0.98,,,0.9199999999999999,17,-0.06024617679970157,-0.04303517128239153,-0.10063409175680726,-0.08433680123548712
recent_heavy,688396,2026-05-25,2026-05-25,0.005636903736618102,43,0.86,0.012828823663448815,18,0.9433333333333334,,,0.9183333333333333,18,-0.0045045045045043475,0.012706501012805689,0.05079217148182691,0.06708946200314705
recent_heavy,002049,2026-05-25,2026-05-25,0.007682646975790504,28,0.91,0.005481479775937367,30,0.9033333333333333,,,0.9053333333333333,19,-0.04400241109101877,-0.02679140557370873,-0.08149487643158537,-0.06519758591026523
recent_heavy,002353,2026-05-25,2026-05-25,0.010607600872985084,22,0.93,0.005231260289372728,33,0.8933333333333333,,,0.9043333333333333,20,0.04736565989657482,0.06457666541388485,0.1047740388218541,0.12107132934317424
recent_heavy,000657,2026-05-25,2026-05-25,0.0061180216120664726,38,0.8766666666666667,0.006925284836448393,27,0.9133333333333333,,,0.9023333333333333,21,0.00457970158073584,0.021790707098045876,-0.017432412468606828,-0.0011351219472866825
recent_heavy,600549,2026-05-25,2026-05-25,0.005602189181702124,44,0.8566666666666667,0.008082218719659869,25,0.92,,,0.901,22,0.007834359261331914,0.02504536477864195,0.03450848722253319,0.050805777743853336
recent_heavy,688036,2026-05-25,2026-05-25,0.004289204204096753,55,0.82,0.009542600773431545,22,0.93,,,0.897,23,-0.042925278219395846,-0.02571427270208581,-0.010174880763116012,0.006122409758204134
recent_heavy,601689,2026-05-25,2026-05-25,0.0045614480333212686,53,0.8266666666666667,0.009231462868238609,24,0.9233333333333333,,,0.8943333333333333,24,-0.12223941482627665,-0.10502840930896662,-0.11436207624138417,-0.09806478572006402
recent_heavy,301308,2026-05-25,2026-05-25,0.02009309335926567,9,0.9733333333333334,0.0036286794401680393,48,0.8433333333333334,,,0.8823333333333334,25,0.022904311290412593,0.04011531680772263,-0.034189146479763455,-0.01789185595844331
recent_heavy,688126,2026-05-25,2026-05-25,0.020674678779348508,8,0.9766666666666667,0.0036256815685403562,49,0.84,,,0.881,26,0.029739776951672958,0.046950782468982995,-0.08141263940520438,-0.06511534888388423
recent_heavy,002558,2026-05-25,2026-05-25,0.005865782131892357,40,0.87,0.004724326755960294,36,0.8833333333333333,,,0.8793333333333333,27,-0.029632408102025498,-0.012421402584715462,-0.0386346586646662,-0.022337368143346054
recent_heavy,688072,2026-05-25,2026-05-25,0.022626172131720673,5,0.9866666666666667,0.003529076136870764,52,0.83,,,0.877,28,-0.16268676627534695,-0.14547576075803692,-0.20533617929562442,-0.18903888877430428
recent_heavy,002050,2026-05-25,2026-05-25,0.002609535684211984,84,0.7233333333333334,0.01100633017036744,19,0.94,,,0.8749999999999999,29,-0.14878765613519462,-0.1315766506178846,-0.17027920646583383,-0.1539819159445137
recent_heavy,600547,2026-05-25,2026-05-25,0.007080337914885185,31,0.9,0.003990266066748109,42,0.8633333333333333,,,0.8743333333333333,30,-0.082326764144946,-0.06511575862763597,-0.048633184996821344,-0.0323358944755012
recent_heavy,000975,2026-05-25,2026-05-25,0.006219528000181439,36,0.8833333333333333,0.004073770096763149,41,0.8666666666666667,,,0.8716666666666666,31,-0.11470240441466295,-0.09749139889735292,-0.09184075679936943,-0.07554346627804928
recent_heavy,002179,2026-05-25,2026-05-25,0.002723744197219601,82,0.73,0.0052982697461062475,31,0.9,,,0.849,32,-0.07750759878419444,-0.060296593266884406,-0.09751773049645374,-0.08122043997513359
recent_heavy,688506,2026-05-25,2026-05-25,0.014610383115010575,15,0.9533333333333334,0.0024701742248269634,61,0.8,,,0.8459999999999999,33,0.006624472573839579,0.023835478091149616,-0.10417721518987344,-0.0878799246685533
recent_heavy,002475,2026-05-25,2026-05-25,0.006358009755928557,34,0.89,0.0034595684191859404,53,0.8266666666666667,,,0.8456666666666667,34,0.011594202898550732,0.028805208415860768,0.021394064872325647,0.03769135539364579
recent_heavy,002600,2026-05-25,2026-05-25,0.0033528602937390817,73,0.76,0.004700128080979385,37,0.88,,,0.844,35,-0.0802781289506953,-0.06306712343338527,-0.072692793931732,-0.05639550341041186
recent_heavy,603501,2026-05-25,2026-05-25,0.005803019974548792,41,0.8666666666666667,0.003618493730080548,51,0.8333333333333334,,,0.8433333333333334,36,-0.1042846357115893,-0.08707363019427927,-0.12646281615704036,-0.11016552563572021
recent_heavy,688183,2026-05-25,2026-05-25,0.0016083460933535069,123,0.5933333333333334,0.013118793832818505,17,0.9466666666666667,,,0.8406666666666667,37,0.045022435166172325,0.06223344068348236,-0.004182827591451943,0.012114462929868203
recent_heavy,600426,2026-05-25,2026-05-25,0.006214816354244511,37,0.88,0.0030751516638874814,56,0.8166666666666667,,,0.8356666666666667,38,-0.030951596970694828,-0.013740591453384791,-0.02239051695752381,-0.006093226436203664
recent_heavy,600489,2026-05-25,2026-05-25,0.002223679024013702,92,0.6966666666666667,0.005011634607718349,34,0.89,,,0.832,39,-0.09083536090835354,-0.0736243553910435,-0.06001622060016221,-0.04371893007884206
recent_heavy,600989,2026-05-25,2026-05-25,0.0053370489152129085,45,0.8533333333333334,0.0031677270708883004,55,0.82,,,0.83,40,-0.045725646123260355,-0.02851464060595032,-0.02385685884691846,-0.007559568325598315
recent_heavy,688521,2026-05-25,2026-05-25,0.017445347064748075,10,0.97,0.0011340575846794957,70,0.77,,,0.8299999999999998,41,-0.07255307157617874,-0.055342066058868704,-0.11553635168138254,-0.0992390611600624
recent_heavy,002384,2026-05-25,2026-05-25,0.008851256933986248,24,0.9233333333333333,0.0019842687181078414,64,0.79,,,0.8299999999999998,42,-0.03684448462929468,-0.019633479111984646,-0.046428571428571375,-0.03013128090725123
recent_heavy,002625,2026-05-25,2026-05-25,0.0024264872765177668,88,0.71,0.004530491241798254,38,0.8766666666666667,,,0.8266666666666667,43,0.01566052033341747,0.03287152585072751,-0.03182621874210667,-0.015528928220786525
recent_heavy,601877,2026-05-25,2026-05-25,0.003440613271190677,68,0.7766666666666666,0.0036312788423810737,47,0.8466666666666667,,,0.8256666666666667,44,-0.016212487064504955,0.000998518452805082,-0.02104173853052771,-0.004744448009207564
recent_heavy,603893,2026-05-25,2026-05-25,0.006607306075350872,32,0.8966666666666666,0.0021823054961418852,63,0.7933333333333333,,,0.8243333333333334,45,-0.10299223856209161,-0.08578123304478158,-0.10386029411764708,-0.08756300359632693
recent_heavy,000157,2026-05-25,2026-05-25,0.0032964297361666537,74,0.7566666666666667,0.003805012759812902,45,0.8533333333333334,,,0.8243333333333334,46,-0.03091397849462374,-0.013702972977313703,-0.043010752688172116,-0.02671346216685197
recent_heavy,300498,2026-05-25,2026-05-25,0.003718394075901846,63,0.7933333333333333,0.0036189115743202895,50,0.8366666666666667,,,0.8236666666666667,47,-0.014409221902017322,0.0028017836152927147,-0.04755043227665712,-0.03125314175533697
recent_heavy,002532,2026-05-25,2026-05-25,0.0020151990031397173,100,0.67,0.004970641044067091,35,0.8866666666666667,,,0.8216666666666668,48,-0.09350333940497868,-0.07629233388766865,-0.06557377049180313,-0.049276479970482984
recent_heavy,300124,2026-05-25,2026-05-25,0.002254524359746035,91,0.7,0.003959176940184044,43,0.86,,,0.8119999999999999,49,-0.08562538892345983,-0.0684143834061498,-0.054511512134411855,-0.03821422161309171
recent_heavy,603986,2026-05-25,2026-05-25,0.011295361798725928,21,0.9333333333333333,0.0006630114665059654,74,0.7566666666666667,,,0.8096666666666665,50,-0.11251947854509525,-0.09530847302778522,-0.09792482231766186,-0.08162753179634172
recent_heavy,002920,2026-05-25,2026-05-25,0.0017721494118617732,106,0.65,0.004251872481600215,40,0.87,,,0.804,51,-0.07229464855501866,-0.05508364303770862,-0.0884310329109308,-0.07213374238961065
recent_heavy,603296,2026-05-25,2026-05-25,0.0036625913885196966,64,0.79,0.0024987929851946955,59,0.8066666666666666,,,0.8016666666666666,52,-0.03232453316162276,-0.015113527644312723,0.1332904056664519,0.14958769618777204
recent_heavy,605117,2026-05-25,2026-05-25,0.00473907143236177,50,0.8366666666666667,0.00119507320543641,69,0.7733333333333333,,,0.7923333333333333,53,-0.003618817852834799,0.013592187664475237,-0.04273651559538172,-0.026439225074061573
recent_heavy,002028,2026-05-25,2026-05-25,0.0011071859521740316,155,0.4866666666666667,0.007351205857774827,26,0.9166666666666666,,,0.7876666666666666,54,0.04147346728490464,0.05868447280221468,0.06269963936115408,0.07899692988247423
recent_heavy,000792,2026-05-25,2026-05-25,0.0021184050371082187,96,0.6833333333333333,0.0032073788820858465,54,0.8233333333333334,,,0.7813333333333333,55,-0.054103904088533716,-0.03689289857122368,-0.06701506301875193,-0.050717772497431785
recent_heavy,600039,2026-05-25,2026-05-25,0.012511584891050148,16,0.95,-0.0005049588227541086,94,0.69,,,0.7679999999999999,56,0.022170361726954413,0.03938136724426445,-0.010501750291715295,0.005795540229604851
recent_heavy,300803,2026-05-25,2026-05-25,0.002307738288476186,90,0.7033333333333334,0.0018508276150440903,66,0.7833333333333333,,,0.7593333333333333,57,-0.08888007142148602,-0.07166906590417599,-0.11030651721059426,-0.09400922668927411
recent_heavy,603019,2026-05-25,2026-05-25,0.0017389374081029185,110,0.6366666666666667,0.002715229012583469,58,0.81,,,0.758,58,-0.06473594548551953,-0.047524939968209494,-0.08411413969335613,-0.06781684917203598
recent_heavy,002230,2026-05-25,2026-05-25,0.0017241259150349404,114,0.6233333333333333,0.0029233386440655823,57,0.8133333333333334,,,0.7563333333333333,59,-0.02741116751269035,-0.010200161995380312,-0.020101522842639663,-0.0038042323213195173
recent_heavy,603993,2026-05-25,2026-05-25,0.004161831659587596,57,0.8133333333333334,3.053849601944987e-05,82,0.73,,,0.755,60,-0.07910447761194028,-0.061893472094630246,-0.017910447761194215,-0.001613157239874069
recent_heavy,000063,2026-05-25,2026-05-25,0.00034281288807128156,197,0.3466666666666667,0.009257889617593667,23,0.9266666666666666,,,0.7526666666666666,61,0.03320202588632526,0.050413031403635296,0.021384355655599263,0.03768164617691941
recent_heavy,600415,2026-05-25,2026-05-25,0.0017354149885229217,111,0.6333333333333333,0.002478554995322771,60,0.8033333333333333,,,0.7523333333333333,62,-0.03238546603475512,-0.01517446051744508,-0.04423380726698267,-0.027936516745662526
recent_heavy,300033,2026-05-25,2026-05-25,0.002544752737401341,86,0.7166666666666667,0.0008684197245523698,72,0.7633333333333333,,,0.7493333333333333,63,-0.05849282791120669,-0.041281822393896654,-0.06481749410937954,-0.04852020358805939
recent_heavy,002602,2026-05-25,2026-05-25,0.003817242594233598,61,0.8,-0.00015941007280138376,85,0.72,,,0.744,64,-0.02409638554216864,-0.006885380024858605,0.0026773761713521083,0.018974666692672254
recent_heavy,600023,2026-05-25,2026-05-25,0.0021349861166276803,95,0.6866666666666666,0.0011188965123399746,71,0.7666666666666667,,,0.7426666666666666,65,0.06414473684210531,0.08135574235941534,0.05098684210526305,0.0672841326265832
recent_heavy,601618,2026-05-25,2026-05-25,0.003395619028091311,71,0.7666666666666667,-5.467949762562686e-05,83,0.7266666666666667,,,0.7386666666666666,66,0.0,0.017211005517310037,-0.010600706713780994,0.005696583807539152
recent_heavy,002466,2026-05-25,2026-05-25,0.0010382569155195126,164,0.45666666666666667,0.0037905097118852947,46,0.85,,,0.732,67,-0.053012048192771166,-0.03580104267546113,-0.07695783132530132,-0.06066054080398117
recent_heavy,000100,2026-05-25,2026-05-25,0.0002283793295691016,207,0.31333333333333335,0.005277923331559725,32,0.8966666666666666,,,0.7216666666666666,68,-0.07894736842105254,-0.06173636290374251,-0.04824561403508765,-0.0319483235137675
recent_heavy,300442,2026-05-25,2026-05-25,0.0006306608928967295,185,0.38666666666666666,0.003958950619882634,44,0.8566666666666667,,,0.7156666666666667,69,-0.057746320638130566,-0.04053531512082053,-0.09864060217953041,-0.08234331165821027
recent_heavy,600930,2026-05-25,2026-05-25,0.0017482046981245878,109,0.64,0.0005070057624623549,77,0.7466666666666667,,,0.7146666666666666,70,0.05582922824302128,0.07304023376033131,0.04269293924466333,0.058990229765983476
recent_heavy,600027,2026-05-25,2026-05-25,0.00436567849052986,54,0.8233333333333334,-0.0007302118247541054,101,0.6666666666666666,,,0.7136666666666667,71,0.07335907335907343,0.09057007887638346,0.08108108108108114,0.09737837160240129
recent_heavy,300015,2026-05-25,2026-05-25,0.0025443915500303537,87,0.7133333333333334,-0.00024953228559061757,87,0.7133333333333334,,,0.7133333333333334,72,0.005512679162072542,0.02272368467938258,0.0011025358324145973,0.017399826353734743
recent_heavy,300251,2026-05-25,2026-05-25,0.004252650059765215,56,0.8166666666666667,-0.00084802537767268,102,0.6633333333333333,,,0.7093333333333334,73,-0.014683153013910322,0.002527852503399715,-0.04095826893353938,-0.02466097841221923
recent_heavy,601727,2026-05-25,2026-05-25,0.0013099739272653672,144,0.5233333333333333,0.0012760072279525236,67,0.78,,,0.703,74,-0.07142857142857129,-0.05421756591126125,-0.07949308755760365,-0.0631957970362835
recent_heavy,601138,2026-05-25,2026-05-25,0.0016114423627672176,122,0.5966666666666667,0.000485932783537548,78,0.7433333333333333,,,0.6993333333333334,75,0.04887110603029443,0.06608211154760446,0.14332666476136047,0.1596239552826806
recent_heavy,301165,2026-05-25,2026-05-25,0.002150660840553392,94,0.69,-0.0004101264190019081,91,0.7,,,0.697,76,-0.05980163360560109,-0.04259062808829105,-0.07074095682613768,-0.054443666304817534
recent_heavy,600346,2026-05-25,2026-05-25,0.00484028377338933,49,0.84,-0.001352055721604513,111,0.6333333333333333,,,0.6953333333333334,77,-0.07997823721436337,-0.06276723169705334,-0.03210010881392822,-0.015802818292608073
recent_heavy,600958,2026-05-25,2026-05-25,0.0028249686784049127,80,0.7366666666666667,-0.0006689122284319969,99,0.6733333333333333,,,0.6923333333333334,78,-0.03020833333333328,-0.012997327816023245,-0.03645833333333326,-0.020161042812013114
recent_heavy,601888,2026-05-25,2026-05-25,0.005692821993252217,42,0.8633333333333333,-0.001529857933855621,116,0.6166666666666667,,,0.6906666666666665,79,0.053953652927648976,0.071164658444959,0.0072527861312576825,0.023550076652577828
recent_heavy,600029,2026-05-25,2026-05-25,0.0024026587266476147,89,0.7066666666666667,-0.0005916975881782181,96,0.6833333333333333,,,0.6903333333333334,80,-0.019642857142857073,-0.0024318516255470365,-0.044642857142857095,-0.02834556662153695
recent_heavy,000938,2026-05-25,2026-05-25,0.0013519536031724843,138,0.5433333333333333,0.0005821062262169942,75,0.7533333333333333,,,0.6903333333333334,81,-0.009018383628164983,0.008192621889145053,-0.023933402705515028,-0.007636112184194882
recent_heavy,002241,2026-05-25,2026-05-25,0.0021083776537503033,97,0.68,-0.0004801994536995048,93,0.6933333333333334,,,0.6893333333333334,82,-0.010328292143120699,0.006882713374189338,-0.01512357063814096,0.0011737198831791862
recent_heavy,601058,2026-05-25,2026-05-25,0.0033793315154021708,72,0.7633333333333333,-0.0009283611219414286,104,0.6566666666666666,,,0.6886666666666665,83,-0.05034324942791768,-0.033132243910607644,-0.04195270785659799,-0.025655417335277847
recent_heavy,300476,2026-05-25,2026-05-25,-0.0005346203045096672,252,0.16333333333333333,0.006003155530184234,28,0.91,,,0.686,84,-0.062170759638630835,-0.0449597541213208,-0.11164270263392295,-0.0953454121126028
recent_heavy,300502,2026-05-25,2026-05-25,-0.0016639034951992872,288,0.043333333333333335,0.0163193266085787,14,0.9566666666666667,,,0.6826666666666666,85,0.009211975568238717,0.026422981085548754,0.06714729147892262,0.08344458200024277
recent_heavy,601012,2026-05-25,2026-05-25,0.004144530431210272,59,0.8066666666666666,-0.0013959125769809045,113,0.6266666666666667,,,0.6806666666666666,86,-0.04863013698630125,-0.03141913146899122,-0.0767123287671232,-0.06041503824580305
recent_heavy,001965,2026-05-25,2026-05-25,0.0027155750156945117,83,0.7266666666666667,-0.0009850830008942952,105,0.6533333333333333,,,0.6753333333333333,87,-0.014720314033366044,0.0024906914839439923,-0.024533856722276703,-0.008236566200956558
recent_heavy,601127,2026-05-25,2026-05-25,0.001104895796690426,156,0.48333333333333334,0.0005230664450178314,76,0.75,,,0.6699999999999999,88,-0.057263059483463774,-0.04005205396615374,-0.05095243660161275,-0.034655146080292604
recent_heavy,601939,2026-05-25,2026-05-25,0.001532833935843886,128,0.5766666666666667,-0.0002880758900517573,89,0.7066666666666667,,,0.6676666666666666,89,-0.033947623666343296,-0.01673661814903326,-0.012609117361784716,0.0036881731595354295
recent_heavy,600150,2026-05-25,2026-05-25,0.0019998170879716214,101,0.6666666666666666,-0.0008883924659583282,103,0.66,,,0.6619999999999999,90,-0.033858878263116954,-0.016647872745806917,-0.057896097182734474,-0.04159880666141433
recent_heavy,688008,2026-05-25,2026-05-25,-0.007286143830439699,298,0.01,0.009933981922487657,21,0.9333333333333333,,,0.6563333333333333,91,-0.07084358588269868,-0.05363258036538864,-0.1296044658268758,-0.11330717530555565
recent_heavy,002916,2026-05-25,2026-05-25,-0.0009477159301608316,267,0.11333333333333333,0.0043952207889121605,39,0.8733333333333333,,,0.6453333333333333,92,-0.013334292634961775,0.0038767128823482613,-0.04357627647072937,-0.027278985949409223
recent_heavy,600875,2026-05-25,2026-05-25,0.00018593404685289828,208,0.31,0.0019221916757274045,65,0.7866666666666666,,,0.6436666666666666,93,-0.012888764359764715,0.0043222411575453215,-0.07340991874474634,-0.05711262822342619
recent_heavy,600026,2026-05-25,2026-05-25,0.0010768270802230069,157,0.48,-0.0002754859323217938,88,0.71,,,0.6409999999999999,94,-0.08243052284503061,-0.06521951732772058,-0.12623645784267545,-0.10993916732135531
recent_heavy,600000,2026-05-25,2026-05-25,0.0018852502492857227,104,0.6566666666666666,-0.0014553800166823827,114,0.6233333333333333,,,0.6333333333333333,95,0.010787486515641875,0.027998492032951912,0.004314994606256839,0.020612285127576985
recent_heavy,600089,2026-05-25,2026-05-25,0.0006461668360437027,182,0.39666666666666667,8.811997313159852e-05,81,0.7333333333333333,,,0.6323333333333333,96,-0.026123703419131727,-0.008912697901821691,0.0034575489819439476,0.019754839503264093
recent_heavy,601600,2026-05-25,2026-05-25,0.001660569435631112,119,0.6066666666666667,-0.0012942487630139153,109,0.64,,,0.6299999999999999,97,-0.05541770057899087,-0.03820669506168083,-0.023159636062861866,-0.00686234554154172
recent_heavy,603799,2026-05-25,2026-05-25,0.0010542432029680923,160,0.47,-0.0005724954818190333,95,0.6866666666666666,,,0.6216666666666666,98,-0.05679862306368333,-0.03958761754637329,-0.07779690189328747,-0.06149961137196733
recent_heavy,601899,2026-05-25,2026-05-25,0.0007459565049751742,179,0.4066666666666667,-0.00039120290602424386,90,0.7033333333333334,,,0.6143333333333334,99,-0.07477203647416408,-0.057561030956854047,-0.040121580547112456,-0.02382429002579231
recent_heavy,600118,2026-05-25,2026-05-25,-0.0001714302849457021,233,0.22666666666666666,0.0012237375485607879,68,0.7766666666666666,,,0.6116666666666666,100,-0.09001656020818549,-0.07280555469087546,-0.09628578187840076,-0.07998849135708061
recent_heavy,601872,2026-05-25,2026-05-25,0.0013389818803552704,141,0.5333333333333333,-0.0013838551521671274,112,0.63,,,0.601,101,-0.08111239860950181,-0.06390139309219178,-0.10254924681344157,-0.08625195629212143
recent_heavy,000425,2026-05-25,2026-05-25,0.0002689876022361824,204,0.3233333333333333,-0.00021403926965186184,86,0.7166666666666667,,,0.5986666666666666,102,0.014568158168574374,0.03177916368588441,0.00624349635796051,0.022540786879280655
recent_heavy,000617,2026-05-25,2026-05-25,0.0034103426582885944,69,0.7733333333333333,-0.0024161452701257123,145,0.52,,,0.596,103,-0.017632241813602123,-0.00042123629629208653,-0.018891687657430767,-0.002594397136110621
recent_heavy,601021,2026-05-25,2026-05-25,0.003944821924540273,60,0.8033333333333333,-0.0024804668732329093,152,0.49666666666666665,,,0.5886666666666667,104,0.017864561695056125,0.03507556721236616,-0.016410469464063104,-0.00011317894274295859
recent_heavy,002460,2026-05-25,2026-05-25,0.0009834448583138627,166,0.45,-0.0012800323111588929,108,0.6433333333333333,,,0.5853333333333333,105,-0.04693333333333327,-0.029722327816023235,-0.0802666666666666,-0.06396937614534645
recent_heavy,600919,2026-05-25,2026-05-25,0.0013913098757095976,137,0.5466666666666666,-0.001626922611333735,121,0.6,,,0.584,106,0.021719457013574583,0.03893046253088462,0.040723981900452344,0.05702127242177249
recent_heavy,002415,2026-05-25,2026-05-25,0.0005052610870266729,191,0.36666666666666664,-0.0006477361833241676,98,0.6766666666666666,,,0.5836666666666666,107,-0.04500000000000004,-0.027788994482690003,-0.0390625,-0.022765209478679854
recent_heavy,600482,2026-05-25,2026-05-25,-0.00015726017434391514,232,0.23,-0.00010391828694485342,84,0.7233333333333334,,,0.5753333333333333,108,0.031180400890868487,0.048391406408178524,0.013641425389754769,0.029938715911074915
recent_heavy,600104,2026-05-25,2026-05-25,0.0017351655281929617,112,0.63,-0.002148842886906419,136,0.55,,,0.5740000000000001,109,0.004893964110929794,0.02210496962823983,0.0016313213703098572,0.017928611891630003
recent_heavy,002001,2026-05-25,2026-05-25,-0.00037275598508290837,243,0.19333333333333333,0.0003643147362818479,80,0.7366666666666667,,,0.5736666666666665,110,-0.04549886252843671,-0.028287857011126676,-0.016899577510562258,-0.0006022869892421123
recent_heavy,600570,2026-05-25,2026-05-25,0.0007999987972563045,176,0.4166666666666667,-0.0013305568996982416,110,0.6366666666666667,,,0.5706666666666667,111,-0.06674427629025992,-0.04953327077294988,-0.062475746992627035,-0.04617845647130689
recent_heavy,601398,2026-05-25,2026-05-25,0.0015646627282732927,125,0.5866666666666667,-0.002003961666502278,132,0.5633333333333334,,,0.5703333333333334,112,0.0055710306406684396,0.022782036157978476,0.022284122562674202,0.03858141308399435
recent_heavy,601077,2026-05-25,2026-05-25,0.0010627815636565668,159,0.47333333333333333,-0.0015933961149954816,119,0.6066666666666667,,,0.5666666666666667,113,-0.02395209580838331,-0.006741090291073275,-0.0029940119760478723,0.013303278545272273
recent_heavy,688082,2026-05-25,2026-05-25,-0.017832376360570137,299,0.006666666666666667,0.002236242196670468,62,0.7966666666666666,,,0.5596666666666666,114,-0.10872441435131153,-0.0915134088340015,-0.12425091446805203,-0.10795362394673189
recent_heavy,601669,2026-05-25,2026-05-25,-0.0001352566856694774,230,0.23666666666666666,-0.0004295607826272492,92,0.6966666666666667,,,0.5586666666666666,115,-0.016574585635359074,0.0006364198819509628,-0.023941068139963106,-0.007643777618642961
recent_heavy,300418,2026-05-25,2026-05-25,0.0015983803417168577,124,0.59,-0.0022084941502009776,139,0.54,,,0.5549999999999999,116,-0.054467168998923565,-0.03725616348161353,-0.08934337997847164,-0.07304608945715149
recent_heavy,301236,2026-05-25,2026-05-25,0.0038118812691206594,62,0.7966666666666666,-0.003064790759044271,166,0.45,,,0.554,117,-0.140625,-0.12341399448268997,0.10286458333333348,0.11916187385465363
recent_heavy,600221,2026-05-25,2026-05-25,-0.0012726706033460808,279,0.07333333333333333,0.0007135894858357277,73,0.76,,,0.5539999999999999,118,-0.020000000000000018,-0.0027889944826899812,0.006666666666666599,0.022963957187986744
recent_heavy,600372,2026-05-25,2026-05-25,-0.00011893173916365505,228,0.24333333333333335,-0.0005919707914771918,97,0.68,,,0.5489999999999999,119,-0.04561101549053348,-0.028400009973223443,-0.03958691910499135,-0.0232896285836712
recent_heavy,601901,2026-05-25,2026-05-25,0.0017236400602133634,115,0.62,-0.002428928725540849,146,0.5166666666666667,,,0.5476666666666667,120,-0.028208744710860434,-0.010997739193550397,-0.05218617771509171,-0.03588888719377156
recent_heavy,601916,2026-05-25,2026-05-25,0.0002603096347253245,206,0.31666666666666665,-0.001251701358453408,107,0.6466666666666666,,,0.5476666666666666,121,0.010101010101009944,0.02731201561831998,0.03367003367003352,0.04996732419135366
recent_heavy,000977,2026-05-25,2026-05-25,0.0014959375910817774,131,0.5666666666666667,-0.0022349363289561937,140,0.5366666666666666,,,0.5456666666666665,122,-0.039673105497771255,-0.02246209998046122,-0.034175334323922724,-0.017878043802602578
recent_heavy,600011,2026-05-25,2026-05-25,0.0019682953054486222,102,0.6633333333333333,-0.0025033359476147724,153,0.49333333333333335,,,0.5443333333333333,123,0.181091877496671,0.19830288301398102,0.21038615179760312,0.22668344231892326
recent_heavy,601919,2026-05-25,2026-05-25,0.00119963748461936,149,0.5066666666666667,-0.0020197052665133857,133,0.56,,,0.544,124,-0.028846153846153855,-0.011635148328843818,0.024038461538461453,0.0403357520597816
recent_heavy,000625,2026-05-25,2026-05-25,0.005132799192044732,47,0.8466666666666667,-0.003363674605860082,177,0.41333333333333333,,,0.5433333333333333,125,-0.04578313253012056,-0.028572127012810526,0.01927710843373487,0.035574398955055014
recent_heavy,600019,2026-05-25,2026-05-25,0.0010205552183550097,165,0.4533333333333333,-0.0017614251150321846,125,0.5816666666666667,,,0.5431666666666666,126,-0.0016556291390728006,0.015555376378237236,-0.01655629139072845,-0.0002590008694083046
recent_heavy,600176,2026-05-25,2026-05-25,-0.0011767757826013023,278,0.07666666666666666,0.0003931587935338891,79,0.74,,,0.541,127,0.024580189827208443,0.04179119534451848,-0.05329763932830389,-0.037000348806983746
recent_heavy,600016,2026-05-25,2026-05-25,0.0006101262682493584,187,0.38,-0.001577955765729299,118,0.61,,,0.5409999999999999,128,0.008522727272727293,0.02573373279003733,0.019886363636363535,0.03618365415768368
recent_heavy,601186,2026-05-25,2026-05-25,0.001490412774926322,132,0.5633333333333334,-0.002277294309597411,142,0.53,,,0.54,129,0.009463722397476504,0.02667472791478654,0.015772870662460692,0.03207016118378084
recent_heavy,688041,2026-05-25,2026-05-25,0.008228721410186953,25,0.92,-0.0036653352004927236,190,0.37,,,0.535,130,-0.1385273771837262,-0.12131637166641618,-0.16904091921678976,-0.15274362869546962
recent_heavy,601658,2026-05-25,2026-05-25,0.0014220218129901525,134,0.5566666666666666,-0.002354174686417413,144,0.5233333333333333,,,0.5333333333333332,131,-0.002004008016032066,0.01520699750127797,0.004008016032064132,0.020305306553384278
recent_heavy,601818,2026-05-25,2026-05-25,0.0015606157982462974,126,0.5833333333333334,-0.0024406902811003137,150,0.505,,,0.5285,132,0.003236245954692629,0.020447251472002666,0.01941747572815533,0.03571476624947548
recent_heavy,600515,2026-05-25,2026-05-25,0.0010687747777564979,158,0.4766666666666667,-0.0021984567557511293,138,0.5433333333333333,,,0.5233333333333333,133,-0.006191950464396245,0.011019055052913791,-0.024767801857585203,-0.008470511336265057
recent_heavy,688012,2026-05-25,2026-05-25,0.023622942087251134,4,0.99,-0.003959470896596673,206,0.31666666666666665,,,0.5186666666666666,134,-0.04233689357868986,-0.025125888061379824,-0.09020718054304455,-0.0739098900217244
recent_heavy,688223,2026-05-25,2026-05-25,0.0025618038477819103,85,0.72,-0.0031726867239279402,172,0.43,,,0.517,135,-0.0608974358974359,-0.04368643038012587,-0.10096153846153844,-0.08466424794021829
recent_heavy,601800,2026-05-25,2026-05-25,0.005015943255002405,48,0.8433333333333334,-0.0036419302334032505,188,0.37666666666666665,,,0.5166666666666666,136,0.023809523809523947,0.041020529326833984,0.02063492063492056,0.03693221115624071
recent_heavy,600905,2026-05-25,2026-05-25,0.0004965479055335164,193,0.36,-0.0017614251150321846,127,0.5816666666666667,,,0.5151666666666667,137,0.014598540145985384,0.03180954566329542,0.051094890510948954,0.0673921810322691
recent_heavy,003816,2026-05-25,2026-05-25,-4.788356185187858e-05,224,0.25666666666666665,-0.0014608806241627208,115,0.62,,,0.511,138,-0.006507592190889477,0.01070341332642056,0.010845986984815648,0.027143277506135793
recent_heavy,002594,2026-05-25,2026-05-25,0.0008481382804550863,174,0.42333333333333334,-0.0021889463774023613,137,0.5466666666666666,,,0.5096666666666666,139,-0.0038322112894871863,0.01337879422782285,0.002175038839979271,0.018472329361299417
recent_heavy,600795,2026-05-25,2026-05-25,0.0011330462872954452,154,0.49,-0.0024346472284904634,147,0.5133333333333333,,,0.5063333333333333,140,0.04040404040404044,0.05761504592135048,0.07474747474747478,0.09104476526879493
recent_heavy,600018,2026-05-25,2026-05-25,0.001393112175816361,136,0.55,-0.0026947042676651236,155,0.4866666666666667,,,0.5056666666666667,141,0.009842519685039353,0.02705352520234939,0.011811023622047223,0.02810831414336737
recent_heavy,000002,2026-05-25,2026-05-25,0.002860248267088026,78,0.7433333333333333,-0.0034001118212424663,180,0.4033333333333333,,,0.5053333333333333,142,0.0471976401179941,0.06440864563530413,0.0,0.016297290521320146
recent_heavy,601688,2026-05-25,2026-05-25,0.000434443929689894,194,0.3566666666666667,-0.0019731954688344397,131,0.5666666666666667,,,0.5036666666666666,143,-0.027287319422151013,-0.010076313904840976,-0.004280363830925782,0.012016926690394364
recent_heavy,000166,2026-05-25,2026-05-25,7.084309315898932e-05,216,0.2833333333333333,-0.0016360882218558392,122,0.5966666666666667,,,0.5026666666666666,144,-0.020000000000000018,-0.0027889944826899812,-0.008888888888888946,0.0074084016324312
recent_heavy,600160,2026-05-25,2026-05-25,0.0014092545635114922,135,0.5533333333333333,-0.0027734381498413794,159,0.47333333333333333,,,0.4973333333333333,145,-0.07651044607566349,-0.05929944055835345,0.06916996047430812,0.08546725099562827
recent_heavy,601117,2026-05-25,2026-05-25,0.002054797348186214,99,0.6733333333333333,-0.0033470940841681964,175,0.42,,,0.496,146,-0.031367628607277265,-0.014156623089967228,-0.027603513174404015,-0.01130622265308387
recent_heavy,002422,2026-05-25,2026-05-25,0.004161119713550901,58,0.81,-0.00369196887249978,193,0.36,,,0.495,147,0.03235878512631274,0.049569790643622776,0.0005676979846722663,0.016864988505992412
recent_heavy,688111,2026-05-25,2026-05-25,-0.00114392305870518,275,0.08666666666666667,-0.0007239941008977874,100,0.67,,,0.495,148,-0.017224328333608097,-1.3322816298060036e-05,0.08064117356189215,0.0969384640832123
recent_heavy,601166,2026-05-25,2026-05-25,0.0016669912420939706,118,0.61,-0.003100042004329658,169,0.44,,,0.491,149,0.03804034582132565,0.055251351338635686,0.043804034582132445,0.06010132510345259
recent_heavy,600893,2026-05-25,2026-05-25,-0.0008707124207152721,265,0.12,-0.0010458355271065814,106,0.65,,,0.49099999999999994,150,-0.07527839643652556,-0.05806739091921553,-0.08418708240534523,-0.06788979188402508
recent_heavy,600926,2026-05-25,2026-05-25,0.000924622406952728,173,0.4266666666666667,-0.002439965609482958,148,0.51,,,0.485,151,-0.0037974683544304,0.013413537162879637,0.010126582278481067,0.026423872799801212
recent_heavy,601390,2026-05-25,2026-05-25,0.0016274737836304172,121,0.6,-0.003164223652134796,171,0.43333333333333335,,,0.48333333333333334,152,-0.006250000000000089,0.010961005517309948,-0.002083333333333326,0.01421395718798682
recent_heavy,001979,2026-05-25,2026-05-25,-0.0001509056431998534,231,0.23333333333333334,-0.0017365901520457042,124,0.59,,,0.483,153,0.01379310344827589,0.031004108965585926,0.02758620689655178,0.043883497417871925
recent_heavy,601816,2026-05-25,2026-05-25,-0.0005173648881036169,251,0.16666666666666666,-0.0015418956113652834,117,0.6133333333333333,,,0.4793333333333333,154,0.03292181069958833,0.050132816216898364,0.04938271604938249,0.06568000657070264
recent_heavy,601018,2026-05-25,2026-05-25,0.001219281464910346,148,0.51,-0.002950731424811329,163,0.46,,,0.475,155,-0.005714285714285672,0.011496719803024365,-0.008571428571428563,0.007725861949891583
recent_heavy,601988,2026-05-25,2026-05-25,0.000711878202355549,181,0.4,-0.0024745570131315476,151,0.5,,,0.47,156,-0.008460236886632777,0.00875076863067726,0.010152284263959421,0.026449574785279567
recent_heavy,601288,2026-05-25,2026-05-25,0.0006180972226120507,186,0.38333333333333336,-0.0024406902811003137,149,0.505,,,0.46849999999999997,157,-0.015576323987538832,0.001634681529771205,0.004672897196261738,0.020970187717581884
recent_heavy,600886,2026-05-25,2026-05-25,0.0010434331694234062,163,0.46,-0.0027896125694174506,160,0.47,,,0.46699999999999997,158,0.03100216294160063,0.04821316845891067,0.04253785147801015,0.05883514199933029
recent_heavy,601225,2026-05-25,2026-05-25,0.0007609266233174336,178,0.41,-0.002642668056043716,154,0.49,,,0.46599999999999997,159,0.07473903966597084,0.09195004518328087,0.10104384133611699,0.11734113185743714
recent_heavy,300450,2026-05-25,2026-05-25,-6.997697380694218e-05,226,0.25,-0.002082036510268665,134,0.5566666666666666,,,0.4646666666666666,160,0.02958459979736583,0.046795605314675866,-0.023505572441742784,-0.007208281920422638
recent_heavy,600406,2026-05-25,2026-05-25,-0.000391012613634114,246,0.18333333333333332,-0.0017614251150321846,126,0.5816666666666667,,,0.4621666666666666,161,-0.02276295133438,-0.005551945817069963,-0.03296703296703296,-0.016669742445712815
recent_heavy,603369,2026-05-25,2026-05-25,0.007659079982173361,29,0.9066666666666666,-0.004384882600731774,222,0.2633333333333333,,,0.45633333333333326,162,0.07269372693726939,0.08990473245457942,0.03321033210332103,0.04950762262464117
recent_heavy,688009,2026-05-25,2026-05-25,0.0034015762184051003,70,0.77,-0.0038600545778151203,205,0.32,,,0.45499999999999996,163,-0.012345679012345734,0.004865326504964303,0.020576131687242816,0.03687342220856296
recent_heavy,601668,2026-05-25,2026-05-25,-0.0006442175810722995,256,0.15,-0.0017614251150321846,128,0.5816666666666667,,,0.4521666666666666,164,0.014705882352941346,0.03191688787025138,0.021008403361344685,0.03730569388266483
recent_heavy,601328,2026-05-25,2026-05-25,-2.7337990628398986e-05,222,0.2633333333333333,-0.002303238391772174,143,0.5266666666666666,,,0.44766666666666655,165,0.00909090909090926,0.026301914608219297,0.037878787878787845,0.05417607840010799
recent_heavy,002202,2026-05-25,2026-05-25,-0.00011327127942595408,227,0.24666666666666667,-0.0022405345911757006,141,0.5333333333333333,,,0.4473333333333333,166,-0.04447164422684613,-0.027260638709536093,-0.051815585475316284,-0.03551829495399614
recent_heavy,002648,2026-05-25,2026-05-25,-0.0006079042304036684,255,0.15333333333333332,-0.001894297424676747,129,0.5733333333333334,,,0.4473333333333333,167,-0.02691157624946605,-0.009700570732156015,-0.011533532678342562,0.004763757842977584
recent_heavy,002837,2026-05-25,2026-05-25,0.0005623423282203492,190,0.37,-0.002750242432735645,157,0.48,,,0.44699999999999995,168,-0.0767706131078224,-0.05955960759051237,-0.10821881606765338,-0.09192152554633323
recent_heavy,688271,2026-05-25,2026-05-25,-0.000535977527905679,253,0.16,-0.0019145542117103426,130,0.57,,,0.44699999999999995,169,0.021222410865874286,0.03843341638318432,0.0035653650254670044,0.01986265554678715
recent_heavy,300832,2026-05-25,2026-05-25,0.00601208652392431,39,0.8733333333333333,-0.004386390803928276,223,0.26,,,0.44399999999999995,170,0.004729148753224388,0.021940154270534425,-0.029019776440240785,-0.01272248591892064
recent_heavy,601360,2026-05-25,2026-05-25,0.0009466881526594415,170,0.43666666666666665,-0.0030991138750700344,168,0.44333333333333336,,,0.44133333333333336,171,-0.06103286384976525,-0.043821858332455214,-0.03755868544600938,-0.02126139492468923
recent_heavy,000858,2026-05-25,2026-05-25,0.006352624213291599,35,0.8866666666666667,-0.004581647863347705,226,0.25,,,0.441,172,0.01835412667946268,0.035565132196772715,-0.007797504798464527,0.008499785722855618
recent_heavy,601878,2026-05-25,2026-05-25,0.0008282045996378016,175,0.42,-0.0030714977806521504,167,0.44666666666666666,,,0.43866666666666665,173,-0.012552301255230214,0.004658704262079823,-0.01882845188284521,-0.002531161361525064
recent_heavy,002352,2026-05-25,2026-05-25,0.0015324375593684103,129,0.5733333333333334,-0.0036415028348491317,187,0.38,,,0.43799999999999994,174,-0.027275257445031897,-0.010064251927721861,-0.028666852212635763,-0.012369561691315617
recent_heavy,601111,2026-05-25,2026-05-25,0.001046926160129038,162,0.4633333333333333,-0.003232834763468387,174,0.42333333333333334,,,0.43533333333333335,175,-0.02155172413793105,-0.004340718620621013,-0.04166666666666663,-0.025369376145346484
recent_heavy,002493,2026-05-25,2026-05-25,-0.0013183270340096512,281,0.06666666666666667,-0.0016643482776354066,123,0.5933333333333334,,,0.43533333333333335,176,-0.04123711340206193,-0.024026107884751895,-0.0077319587628865705,0.008565331758433575
recent_heavy,601006,2026-05-25,2026-05-25,0.0011960302857396015,151,0.5,-0.003399625017246276,179,0.4066666666666667,,,0.43466666666666665,177,-0.013307984790874361,0.0039030207264356756,-0.01520912547528519,0.0010881650460349557
recent_heavy,600115,2026-05-25,2026-05-25,-0.0022989569659855958,290,0.03666666666666667,-0.0015966791935505078,120,0.6033333333333334,,,0.43333333333333335,178,-0.011261261261261368,0.005949744256048668,-0.060810810810810856,-0.04451352028949071
recent_heavy,002236,2026-05-25,2026-05-25,0.0013347035886082557,142,0.53,-0.0036252346744844676,186,0.38333333333333336,,,0.42733333333333334,179,-0.06183249016301284,-0.04462148464570281,-0.050028105677346835,-0.03373081515602669
recent_heavy,600690,2026-05-25,2026-05-25,0.00033619026303360617,198,0.3433333333333333,-0.003016227064708814,165,0.4533333333333333,,,0.4203333333333333,180,0.03264094955489605,0.049851955072206085,0.04500494559841739,0.061302236119737535
recent_heavy,688472,2026-05-25,2026-05-25,0.009537849920288758,23,0.9266666666666666,-0.005106556313616871,241,0.2,,,0.4179999999999999,181,-0.027165932452276054,-0.009954926934966017,-0.10719530102790009,-0.09089801050657995
recent_heavy,600188,2026-05-25,2026-05-25,-5.599330138287222e-05,225,0.25333333333333335,-0.0026967724563530925,156,0.48333333333333334,,,0.41433333333333333,182,0.05569007263922532,0.07290107815653535,0.15544794188861988,0.17174523240994002
recent_heavy,600009,2026-05-25,2026-05-25,0.00184454146422167,105,0.6533333333333333,-0.004183717346492702,210,0.30333333333333334,,,0.4083333333333333,183,-0.021085513471300277,-0.0038745079539902402,-0.049199531433033905,-0.03290224091171376
recent_heavy,000651,2026-05-25,2026-05-25,2.5044529233526892e-05,218,0.27666666666666667,-0.0028979248651908834,162,0.4633333333333333,,,0.4073333333333333,184,0.007458847736625529,0.024669853253935566,0.016460905349794164,0.03275819587111431
recent_heavy,301269,2026-05-25,2026-05-25,0.00029240512757453956,202,0.33,-0.0031013343687960877,170,0.43666666666666665,,,0.4046666666666666,185,-0.15183207239282004,-0.13462106687551,-0.21895861148197593,-0.20266132096065578
recent_heavy,601211,2026-05-25,2026-05-25,0.0007965670798182499,177,0.41333333333333333,-0.003432770963914414,181,0.4,,,0.40399999999999997,186,0.005228758169934622,0.02243976368724466,0.06013071895424815,0.0764280094755683
recent_heavy,000708,2026-05-25,2026-05-25,0.001757485821796679,108,0.6433333333333333,-0.004206036872585574,211,0.3,,,0.40299999999999997,187,-0.028178694158075612,-0.010967688640765576,-0.041924398625429626,-0.02562710810410948
recent_heavy,601766,2026-05-25,2026-05-25,-0.0002170770899251129,234,0.22333333333333333,-0.002751666213769305,158,0.4766666666666667,,,0.40066666666666667,188,-0.005172413793103514,0.012038591724206522,-0.01896551724137918,-0.002668226720059036
recent_heavy,600061,2026-05-25,2026-05-25,0.0012315412948896325,146,0.5166666666666667,-0.003783871229042346,197,0.3466666666666667,,,0.39766666666666667,189,-0.013782542113323082,0.0034284634039869546,-0.01071975497702915,0.005577535544290996
recent_heavy,601868,2026-05-25,2026-05-25,-0.0023863145125318616,291,0.03333333333333333,-0.002123320370132432,135,0.5533333333333333,,,0.3973333333333333,190,-0.026936026936026924,-0.009725021418716888,-0.03703703703703709,-0.020739746515716945
recent_heavy,300413,2026-05-25,2026-05-25,0.007244802747425888,30,0.9033333333333333,-0.0054162283297398495,249,0.17333333333333334,,,0.3923333333333333,191,-0.015237020316027028,0.0019739852012830086,-0.01693002257336329,-0.0006327320520431445
recent_heavy,300014,2026-05-25,2026-05-25,0.0012221872027669658,147,0.5133333333333333,-0.003791988587664014,199,0.34,,,0.392,192,0.005050505050504972,0.02226151056781501,0.03345959595959602,0.04975688648091617
recent_heavy,000333,2026-05-25,2026-05-25,0.0006436352189314613,183,0.3933333333333333,-0.0035110387421195045,184,0.39,,,0.39099999999999996,193,0.01634192331866746,0.0335529288359775,0.038340666247642874,0.05463795676896302
recent_heavy,600999,2026-05-25,2026-05-25,0.0017159486343452917,116,0.6166666666666667,-0.004223002032323314,213,0.29333333333333333,,,0.3903333333333333,194,-0.04924454392837174,-0.032033538411061706,-0.04141018466703983,-0.025112894145719683
recent_heavy,601881,2026-05-25,2026-05-25,0.00039234387730209547,195,0.35333333333333333,-0.0035554014100270185,185,0.38666666666666666,,,0.37666666666666665,195,-0.024622716441620396,-0.007411710924310359,-0.016679904686258906,-0.00038261416493876044
recent_heavy,601319,2026-05-25,2026-05-25,0.0010536632168767618,161,0.4666666666666667,-0.003809314704510926,200,0.33666666666666667,,,0.37566666666666665,196,-0.036619718309859106,-0.01940871279254907,-0.04788732394366191,-0.03159003342234176
recent_heavy,601728,2026-05-25,2026-05-25,-4.9792174128518184e-06,220,0.27,-0.0033576153919398677,176,0.4166666666666667,,,0.3726666666666667,197,-0.005008347245409106,0.01220265827190093,0.013355592654423987,0.029652883175744132
recent_heavy,600900,2026-05-25,2026-05-25,0.00014163354623173604,210,0.30333333333333334,-0.003484287109855899,182,0.39666666666666667,,,0.3686666666666667,198,0.022476050110537882,0.03968705562784792,0.030213706705969123,0.04651099722728927
recent_heavy,600941,2026-05-25,2026-05-25,0.0009735324211321277,167,0.44666666666666666,-0.0038264266818286764,203,0.32666666666666666,,,0.36266666666666664,199,0.01967385586533399,0.036884861382644026,0.03324566017885311,0.049542950700173255
recent_heavy,605499,2026-05-25,2026-05-25,0.0014497689965477915,133,0.56,-0.004307334800956177,218,0.27666666666666667,,,0.3616666666666667,200,0.0057901426352209295,0.023001148152530966,0.05634797345007758,0.07264526397139773
recent_heavy,600111,2026-05-25,2026-05-25,-0.0003191936346955595,239,0.20666666666666667,-0.003226366083622234,173,0.4266666666666667,,,0.3606666666666667,201,-0.042645607107601124,-0.025434601590291088,-0.04363277393879572,-0.027335483417475576
recent_heavy,000807,2026-05-25,2026-05-25,0.00035032293964142123,196,0.35,-0.0037310244078483106,194,0.3566666666666667,,,0.3546666666666667,202,-0.10083226632522402,-0.08362126080791399,-0.04417413572343143,-0.027876845202111283
recent_heavy,000301,2026-05-25,2026-05-25,-0.001118531721276625,274,0.09,-0.0028662010451946324,161,0.4666666666666667,,,0.3536666666666667,203,-0.031350482315112393,-0.014139476797802357,-0.022508038585209,-0.006210748063888855
recent_heavy,000963,2026-05-25,2026-05-25,0.004712383867027695,51,0.8333333333333334,-0.005628048586218187,257,0.14666666666666667,,,0.3526666666666667,204,-0.005946135012241949,0.011264870505068088,-0.006645680307799995,0.009651610213520151
recent_heavy,601857,2026-05-25,2026-05-25,0.0011963854578450376,150,0.5033333333333333,-0.004273062166937104,215,0.2866666666666667,,,0.3516666666666667,205,-0.008211678832116931,0.008999326685193106,-0.027372262773722733,-0.011074972252402587
recent_heavy,601898,2026-05-25,2026-05-25,-0.00101443245552645,271,0.1,-0.0029942704421219244,164,0.45666666666666667,,,0.3496666666666667,206,0.018181818181818077,0.03539282369912811,0.06493506493506485,0.08123235545638499
recent_heavy,000768,2026-05-25,2026-05-25,-0.00039000424769242083,245,0.18666666666666668,-0.0033694047694427316,178,0.41,,,0.34299999999999997,207,-0.025537634408602128,-0.008326628891292091,-0.008064516129032251,0.008232774392287895
recent_heavy,300866,2026-05-25,2026-05-25,0.003633214214960903,66,0.7833333333333333,-0.005568986624766404,255,0.15333333333333332,,,0.3423333333333333,208,0.041504432110015754,0.05871543762732579,-0.025515698782205276,-0.00921840826088513
recent_heavy,600741,2026-05-25,2026-05-25,0.002983870273150462,77,0.7466666666666667,-0.0054353075957342305,251,0.16666666666666666,,,0.3406666666666667,209,-0.01590106007067138,0.0013099454466386565,-0.0005889281507657218,0.015708362370554424
recent_heavy,600438,2026-05-25,2026-05-25,6.834640856973501e-05,217,0.28,-0.0036761133419047987,191,0.36666666666666664,,,0.3406666666666667,210,-0.03464052287581709,-0.017429517358507056,-0.07777777777777783,-0.06148048725645769
recent_heavy,601607,2026-05-25,2026-05-25,0.0016586236843534178,120,0.6033333333333334,-0.004839940682327885,233,0.22666666666666666,,,0.3396666666666667,211,0.008567931456548328,0.025778936973858364,0.009791921664626724,0.02608921218594687
recent_heavy,601601,2026-05-25,2026-05-25,-3.5382748723776156e-05,223,0.26,-0.003642396644924461,189,0.37333333333333335,,,0.3393333333333333,212,-0.03130644190246834,-0.014095436385158304,-0.04575556893437682,-0.029458278413056677
recent_heavy,600030,2026-05-25,2026-05-25,0.0011404856757829954,153,0.49333333333333335,-0.004381741168485316,221,0.26666666666666666,,,0.33466666666666667,213,-0.006203955021326091,0.011007050495983946,-0.024040325707638477,-0.007743035186318331
recent_heavy,601088,2026-05-25,2026-05-25,-0.0003870266355093724,244,0.19,-0.00349524835129743,183,0.3933333333333333,,,0.3323333333333333,214,0.047321428571428736,0.06453243408873877,0.07678571428571446,0.0930830048070346
recent_heavy,600028,2026-05-25,2026-05-25,0.0019339894004063705,103,0.66,-0.005152221580580841,244,0.19,,,0.33099999999999996,215,-0.004201680672268782,0.013009324845041255,-0.010504201680672232,0.005793088840647914
recent_heavy,601238,2026-05-25,2026-05-25,0.0028601989300964287,79,0.74,-0.005572943197358307,256,0.15,,,0.327,216,-0.02254428341384862,-0.005333277896538584,0.0,0.016297290521320146
recent_heavy,601456,2026-05-25,2026-05-25,0.00030310016493097317,201,0.3333333333333333,-0.0038541156850033418,204,0.3233333333333333,,,0.3263333333333333,217,-0.04505494505494512,-0.02784393953763508,-0.02857142857142858,-0.012274138050108435
recent_heavy,002736,2026-05-25,2026-05-25,0.0013472853343764605,139,0.54,-0.004684283320926076,232,0.23,,,0.323,218,-0.01213346814964622,0.005077537367663816,-0.007077856420626971,0.009219434100693175
recent_heavy,601009,2026-05-25,2026-05-25,0.00012391953614947367,212,0.2966666666666667,-0.003815357757120778,202,0.33166666666666667,,,0.32116666666666666,219,0.0018939393939394478,0.019104944911249484,0.04640151515151514,0.06269880567283528
recent_heavy,600025,2026-05-25,2026-05-25,0.00010289835986227089,213,0.29333333333333333,-0.003815357757120778,201,0.33166666666666667,,,0.32016666666666665,220,0.04210526315789487,0.059316268675204904,0.07157894736842096,0.08787623788974111
recent_heavy,601838,2026-05-25,2026-05-25,0.0013426700875969104,140,0.5366666666666666,-0.0049284851551026744,235,0.22,,,0.31499999999999995,221,0.007583965330444142,0.02479497084775418,0.04604550379198247,0.06234279431330261
recent_heavy,601377,2026-05-25,2026-05-25,0.0002653058033084297,205,0.32,-0.004040079011011805,208,0.31,,,0.313,222,-0.018771331058020535,-0.0015603255407104985,-0.008532423208191253,0.0077648673131288926
recent_heavy,601995,2026-05-25,2026-05-25,0.0015348402182712609,127,0.58,-0.005127159164560599,242,0.19666666666666666,,,0.31166666666666665,223,-0.017732558139534893,-0.0005215526222248565,-0.0029069767441860517,0.013390313777134094
recent_heavy,600674,2026-05-25,2026-05-25,0.0013228079158729962,143,0.5266666666666666,-0.004946820461041077,236,0.21666666666666667,,,0.30966666666666665,224,0.024454725710508773,0.04166573122781881,0.020489094514209993,0.03678638503553014
recent_heavy,002304,2026-05-25,2026-05-25,0.0030422941115375965,76,0.75,-0.006213491351322063,266,0.11666666666666667,,,0.30666666666666664,225,0.0271554650373389,0.044366470554648936,0.01131477709889106,0.027612067620211206
recent_heavy,300750,2026-05-25,2026-05-25,0.0015085624985391845,130,0.57,-0.005175332564410882,245,0.18666666666666668,,,0.30166666666666664,226,0.05341614906832293,0.07062715458563296,0.07798757763975162,0.09428486816107176
recent_heavy,601229,2026-05-25,2026-05-25,-0.0005527003928081581,254,0.15666666666666668,-0.003683145861874195,192,0.36333333333333334,,,0.3013333333333333,227,-0.003389830508474523,0.013821175008835514,0.025988700564971712,0.04228599108629186
recent_heavy,601169,2026-05-25,2026-05-25,0.00030614260532038553,200,0.33666666666666667,-0.0042859607623183865,216,0.2833333333333333,,,0.2993333333333333,228,0.0,0.017211005517310037,0.013752455795677854,0.030049746316998
recent_heavy,002027,2026-05-25,2026-05-25,0.0009596602055873379,169,0.44,-0.004663621263596217,231,0.23333333333333334,,,0.29533333333333334,229,0.009041591320072317,0.026252596837382354,0.0036166365280287938,0.01991392704934894
recent_heavy,600036,2026-05-25,2026-05-25,0.0001808055840254884,209,0.30666666666666664,-0.004242629784864307,214,0.29,,,0.295,230,0.02729729729729735,0.04450830281460739,0.048648648648648596,0.06494593916996874
recent_heavy,601985,2026-05-25,2026-05-25,-0.00048437529016854316,248,0.17666666666666667,-0.003790939576059135,198,0.3433333333333333,,,0.29333333333333333,231,0.03314285714285714,0.05035386266016718,0.0605714285714285,0.07686871909274864
recent_heavy,000725,2026-05-25,2026-05-25,0.015005989231244927,13,0.96,-0.017779932909253508,299,0.006666666666666667,,,0.29266666666666663,232,-0.11363636363636354,-0.0964253581190535,-0.05244755244755239,-0.03615026192623225
recent_heavy,601059,2026-05-25,2026-05-25,0.0006421960309325693,184,0.39,-0.004637206848527895,228,0.24333333333333335,,,0.28733333333333333,233,-0.008645533141210526,0.00856547237609951,-0.018443804034582123,-0.0021465135132619773
recent_heavy,000001,2026-05-25,2026-05-25,-0.0008357355771492349,264,0.12333333333333334,-0.003776715386040481,196,0.35,,,0.282,234,0.012440191387559807,0.029651196904869843,0.026794258373205926,0.04309154889452607
recent_heavy,600276,2026-05-25,2026-05-25,-0.0003516951612826711,240,0.20333333333333334,-0.00398405466989958,207,0.31333333333333335,,,0.2803333333333333,235,0.024285714285714244,0.04149671980302428,-0.01224489795918371,0.0040523925621364365
recent_heavy,600362,2026-05-25,2026-05-25,0.000562428368753606,189,0.37333333333333335,-0.004640255791416672,229,0.24,,,0.27999999999999997,236,-0.06532015470562957,-0.04810914918831954,0.020197679415556502,0.03649496993687665
recent_heavy,600585,2026-05-25,2026-05-25,0.0017028824618001348,117,0.6133333333333333,-0.006023559926953593,264,0.12333333333333334,,,0.2703333333333333,237,0.033333333333333215,0.05054433885064325,0.03230769230769215,0.048604982829012294
recent_heavy,002074,2026-05-25,2026-05-25,-0.0004893840787424865,249,0.17333333333333334,-0.004126849902867515,209,0.30666666666666664,,,0.26666666666666666,238,-0.038237011091651896,-0.02102600557434186,-0.06100408639813182,-0.04470679587681167
recent_heavy,600050,2026-05-25,2026-05-25,-0.0013843316526431877,283,0.06,-0.003751309259607218,195,0.35333333333333333,,,0.2653333333333333,239,-0.022471910112359716,-0.00526090459504968,-0.006741573033707926,0.00955571748761222
recent_heavy,600015,2026-05-25,2026-05-25,0.001759268231313491,107,0.6466666666666666,-0.006478195035975702,271,0.1,,,0.26399999999999996,240,-0.00592592592592589,0.011285079591384146,0.0251851851851852,0.041482475706505345
recent_heavy,000999,2026-05-25,2026-05-25,0.003659639027941077,65,0.7866666666666666,-0.00792567689936614,290,0.03666666666666667,,,0.26166666666666666,241,0.03513971210838274,0.05235071762569277,0.040643522438611246,0.05694081295993139
recent_heavy,300628,2026-05-25,2026-05-25,0.004585430785174186,52,0.83,-0.010124249130617213,296,0.016666666666666666,,,0.26066666666666666,242,-0.011484823625922957,0.005726181891387079,0.08012031719989055,0.09641760772121069
recent_heavy,601998,2026-05-25,2026-05-25,2.23005494190957e-05,219,0.2733333333333333,-0.004578145804983782,225,0.25333333333333335,,,0.2593333333333333,243,-0.02429149797570851,-0.007080492458398473,-0.012145748987854255,0.004151541533465891
recent_heavy,600887,2026-05-25,2026-05-25,-0.0003724430807498447,242,0.19666666666666666,-0.004291383651417684,217,0.28,,,0.255,244,0.012850467289719614,0.03006147280702965,0.010514018691588856,0.026811309212909
recent_heavy,600233,2026-05-25,2026-05-25,0.0027619968618662364,81,0.7333333333333333,-0.00759639727772239,286,0.05,,,0.25499999999999995,245,-0.008588298443370945,0.008622707073939091,-0.05582393988191081,-0.039526649360590665
recent_heavy,600085,2026-05-25,2026-05-25,0.0031855409710398385,75,0.7533333333333333,-0.008084954891032349,291,0.03333333333333333,,,0.2493333333333333,246,0.016646848989298357,0.033857854506608394,0.017043202536662694,0.03334049305798284
recent_heavy,000568,2026-05-25,2026-05-25,0.0002698257046422292,203,0.32666666666666666,-0.004989011718327213,237,0.21333333333333335,,,0.24733333333333335,247,0.002864066975104773,0.02007507249241481,-0.025115664243225422,-0.008818373721905276
recent_heavy,000630,2026-05-25,2026-05-25,0.002062432615774215,98,0.6766666666666666,-0.007443881763093413,284,0.056666666666666664,,,0.24266666666666664,248,0.010324483775811188,0.027535489293121225,0.03687315634218291,0.05317044686350306
recent_heavy,001391,2026-05-25,2026-05-25,0.0012585655115416614,145,0.52,-0.006100100611264466,265,0.12,,,0.24,249,-0.013384321223709472,0.0038266842936005643,-0.005736137667304075,0.01056115285401607
recent_heavy,601336,2026-05-25,2026-05-25,-0.0011636693981164738,276,0.08333333333333333,-0.0042185620155812485,212,0.2966666666666667,,,0.23266666666666666,250,-0.007646276595744572,0.009564728921565464,-0.04072473404255317,-0.024427443521233022
recent_heavy,600809,2026-05-25,2026-05-25,-0.00024099037348374215,235,0.22,-0.004654080604728482,230,0.23666666666666666,,,0.23166666666666666,251,0.012788127565519503,0.02999913308282954,-0.007736027786548805,0.008561262734771341
recent_heavy,601628,2026-05-25,2026-05-25,-0.0007442293943853559,261,0.13333333333333333,-0.0043297055624821595,220,0.27,,,0.229,252,0.0008875739644971237,0.01809857948180716,-0.016568047337278013,-0.0002707568159578677
recent_heavy,601066,2026-05-25,2026-05-25,0.0009304912893416612,171,0.43333333333333335,-0.005825935466148894,259,0.14,,,0.228,253,0.028246205733558183,0.04545721125086822,0.08768971332209108,0.10398700384341122
recent_heavy,600066,2026-05-25,2026-05-25,7.207722456914099e-05,214,0.29,-0.005140402009714225,243,0.19333333333333333,,,0.22233333333333333,254,-0.014041514041514103,0.003169491475795934,0.018009768009768168,0.034307058531088314
recent_heavy,600436,2026-05-25,2026-05-25,0.0021669980532755323,93,0.6933333333333334,-0.010293106169603149,297,0.013333333333333334,,,0.21733333333333332,255,0.04398373983739834,0.061194745354708376,0.012195121951219523,0.02849241247253967
recent_heavy,002714,2026-05-25,2026-05-25,-0.0013616595411985472,282,0.06333333333333334,-0.0043293020494329865,219,0.2733333333333333,,,0.2103333333333333,256,-0.0057456254896839365,0.0114653800276261,-0.039958213632802275,-0.02366092311148213
recent_heavy,601633,2026-05-25,2026-05-25,0.0017251192433926734,113,0.6266666666666667,-0.00927208527976821,295,0.02,,,0.202,257,-0.03209169054441252,-0.014880685027102485,-0.0234957020057307,-0.007198411484410555
recent_heavy,601825,2026-05-25,2026-05-25,-0.0006987027142927543,258,0.14333333333333334,-0.004897827181649377,234,0.22333333333333333,,,0.19933333333333333,258,0.0,0.017211005517310037,0.040000000000000036,0.05629729052132018
recent_heavy,603288,2026-05-25,2026-05-25,-0.00012244177614666158,229,0.24,-0.0054151266461910765,248,0.17666666666666667,,,0.19566666666666666,259,0.008039046798736793,0.02525005231604683,-0.0267011197243755,-0.010403829203055354
recent_heavy,600660,2026-05-25,2026-05-25,-0.0015006259937970616,285,0.05333333333333334,-0.004543678224065063,224,0.25666666666666665,,,0.19566666666666666,260,-0.015516919050289846,0.0016940864670201908,0.014021312394840058,0.030318602916160203
recent_heavy,601788,2026-05-25,2026-05-25,0.000742393516314679,180,0.4033333333333333,-0.006454346252357404,270,0.10333333333333333,,,0.19333333333333333,261,-0.02726653033401505,-0.010055524816705012,-0.020449897750511314,-0.004152607229191169
recent_heavy,688303,2026-05-25,2026-05-25,0.0009596756542417483,168,0.44333333333333336,-0.006625850662065318,276,0.08333333333333333,,,0.19133333333333333,262,-0.0025614754098360892,0.014649530107473947,-0.03790983606557374,-0.021612545544253597
recent_heavy,600938,2026-05-25,2026-05-25,-0.0006678220925665477,257,0.14666666666666667,-0.005032514457896692,240,0.20333333333333334,,,0.18633333333333335,263,-0.021893659368780294,-0.004682653851470257,0.0002843332385555897,0.016581623759875735
recent_heavy,002709,2026-05-25,2026-05-25,0.0009259641060070352,172,0.43,-0.00682468992615469,278,0.07666666666666666,,,0.18266666666666667,264,0.0007693787266782603,0.017980384243988297,0.002308136180034559,0.018605426701354705
recent_heavy,300059,2026-05-25,2026-05-25,-0.004490948118054431,296,0.016666666666666666,-0.0046112513716398025,227,0.24666666666666667,,,0.17766666666666667,265,-0.04438902743142148,-0.027178021914111443,-0.056857855361596044,-0.0405605648402759
recent_heavy,600760,2026-05-25,2026-05-25,-0.0007308001932515857,259,0.14,-0.005316102891980579,247,0.18,,,0.168,266,-0.008992391053723736,0.0082186144635863,-0.0023057412958265022,0.013991549225493644
recent_heavy,600845,2026-05-25,2026-05-25,0.001174470089292084,152,0.49666666666666665,-0.008596235501054896,294,0.023333333333333334,,,0.16533333333333333,267,-0.04773156899810971,-0.03052056348079967,-0.015122873345935761,0.0011744171753843846
recent_heavy,002142,2026-05-25,2026-05-25,-0.0003078197060255169,238,0.21,-0.005730556021648253,258,0.14333333333333334,,,0.16333333333333333,268,0.0032331070158422293,0.020444112533152266,0.02166181700614289,0.03795910752746304
recent_heavy,000895,2026-05-25,2026-05-25,-0.0015018704497808118,286,0.05,-0.004992019792139934,238,0.21,,,0.16199999999999998,269,0.020391517128874437,0.03760252264618447,0.01672104404567709,0.03301833456699724
recent_heavy,000596,2026-05-25,2026-05-25,0.0006046437478259624,188,0.37666666666666665,-0.007213727719407853,281,0.06666666666666667,,,0.15966666666666665,270,0.0030188679245282124,0.02022987344183825,0.0032345013477088624,0.019531791869029008
recent_heavy,600918,2026-05-25,2026-05-25,-0.0008318996584303095,263,0.12666666666666668,-0.005417666575661868,250,0.17,,,0.157,271,-0.02683363148479423,-0.009622625967484193,-0.014311270125223596,0.0019860203960965495
recent_heavy,000408,2026-05-25,2026-05-25,0.00014022348447766946,211,0.3,-0.0065664236055544,273,0.09333333333333334,,,0.15533333333333332,272,-0.0838081671415003,-0.06659716162419027,-0.059354226020892686,-0.04305693549957254
recent_heavy,600803,2026-05-25,2026-05-25,-0.000734480583847579,260,0.13666666666666666,-0.005488471340887628,252,0.16333333333333333,,,0.15533333333333332,273,-0.006100660904931443,0.011110344612378593,-0.0020335536349772587,0.014263736886342887
recent_heavy,001280,2026-05-25,2026-05-25,-0.00279189862935085,292,0.03,-0.005014946585467529,239,0.20666666666666667,,,0.15366666666666667,274,-0.046196367465122457,-0.02898536194781242,-0.06317451961042375,-0.046877229089103606
recent_heavy,000776,2026-05-25,2026-05-25,0.000503560704295105,192,0.36333333333333334,-0.007389551053990122,283,0.06,,,0.151,275,-0.013577023498694385,0.0036339820186156516,-0.008355091383811963,0.007942199137508182
recent_heavy,300896,2026-05-25,2026-05-25,7.145616772321193e-05,215,0.2866666666666667,-0.006570173408229819,274,0.09,,,0.14900000000000002,276,0.0276660453252231,0.044877050842533135,-0.006082605709800903,0.010214684811519242
recent_heavy,600031,2026-05-25,2026-05-25,-0.0013910807761794608,284,0.056666666666666664,-0.005266073707328212,246,0.18333333333333332,,,0.14533333333333331,277,-0.04978813559322026,-0.032577130075910225,-0.03919491525423724,-0.022897624732917093
recent_heavy,002311,2026-05-25,2026-05-25,-0.0009801144150154235,270,0.10333333333333333,-0.005533283641474952,254,0.15666666666666668,,,0.14066666666666666,278,-0.005666957279860663,0.011544048237449374,0.002179598953792272,0.018476889475112418
recent_heavy,302132,2026-05-25,2026-05-25,-0.0011097789101762255,273,0.09333333333333334,-0.005526786499869004,253,0.16,,,0.13999999999999999,279,-0.014488138831396324,0.002722866685913712,-0.03677758318739055,-0.020480292666070404
recent_heavy,603259,2026-05-25,2026-05-25,-0.0003545796796922772,241,0.2,-0.00639540903652637,268,0.11,,,0.137,280,-0.00858704137392674,0.008623964143383296,-0.026639344262295084,-0.010342053740974938
recent_heavy,300122,2026-05-25,2026-05-25,-0.0002676045115289298,236,0.21666666666666667,-0.006519373580981723,272,0.09666666666666666,,,0.13266666666666665,281,0.015695067264573925,0.03290607278188396,-0.0037369207772796065,0.01256036974404054
recent_heavy,600196,2026-05-25,2026-05-25,0.00031636945724012667,199,0.34,-0.007702441979337355,288,0.043333333333333335,,,0.13233333333333333,282,0.0034527406128614935,0.02066374613017153,-0.019421665947345845,-0.0031243754260256995
recent_heavy,600588,2026-05-25,2026-05-25,-0.0009782011709509775,269,0.10666666666666667,-0.005927142911477894,260,0.13666666666666666,,,0.12766666666666665,283,-0.03084112149532714,-0.013630115978017103,0.0542056074766355,0.07050289799795564
recent_heavy,300760,2026-05-25,2026-05-25,-0.0009639878118576004,268,0.11,-0.006000344771178561,263,0.12666666666666668,,,0.12166666666666667,284,0.0015171503957784882,0.018728155913088525,-0.03040897097625317,-0.014111680454933023
recent_heavy,603260,2026-05-25,2026-05-25,-0.0002813529631414938,237,0.21333333333333335,-0.007028174807907259,279,0.07333333333333333,,,0.11533333333333333,285,-0.06300762983017483,-0.04579662431286479,-0.10903273443268524,-0.0927354439113651
recent_heavy,600309,2026-05-25,2026-05-25,-0.001164680565739994,277,0.08,-0.0059864382265541,262,0.13,,,0.11499999999999999,286,-0.03773090527970646,-0.020519899762396425,-0.015328180269880809,0.0009691102514393368
recent_heavy,601318,2026-05-25,2026-05-25,-0.0009284019748551716,266,0.11666666666666667,-0.006218453735435412,267,0.11333333333333333,,,0.11433333333333331,287,-0.014282993715482806,0.002928011801827231,-0.0034279184917158645,0.012869372029604281
recent_heavy,688047,2026-05-25,2026-05-25,-2.4435885000616264e-05,221,0.26666666666666666,-0.007602809435118083,287,0.04666666666666667,,,0.11266666666666666,288,-0.0868666624913883,-0.06965565697407827,-0.12262792008517553,-0.10633062956385539
recent_heavy,300999,2026-05-25,2026-05-25,-0.001537734288605081,287,0.04666666666666667,-0.005934060383801562,261,0.13333333333333333,,,0.10733333333333332,289,0.013252555850056913,0.03046356136736695,0.022340022718667196,0.03863731323998734
recent_heavy,000538,2026-05-25,2026-05-25,-0.0005096630467959695,250,0.17,-0.007294890512491937,282,0.06333333333333334,,,0.09533333333333334,290,0.022313203684749094,0.03952420920205913,0.012487205731832152,0.028784496253152297
recent_heavy,600048,2026-05-25,2026-05-25,-0.0028663886994589145,293,0.02666666666666667,-0.006443389666812194,269,0.10666666666666667,,,0.08266666666666667,291,-0.013675213675213738,0.003535791842096299,-0.042735042735042694,-0.02643775221372255
recent_heavy,601136,2026-05-25,2026-05-25,-0.0010587098045438516,272,0.09666666666666666,-0.007070900766720228,280,0.07,,,0.078,292,-0.04399212081418258,-0.02678111529687254,-0.049901510177281616,-0.03360421965596147
recent_heavy,601100,2026-05-25,2026-05-25,-0.0007592925143666616,262,0.13,-0.0075851379265898826,285,0.05333333333333334,,,0.07633333333333334,293,-0.027800053461641272,-0.010589047944331235,-0.007751937984496138,0.008545352536824008
recent_heavy,600519,2026-05-25,2026-05-25,-0.0004557856921274532,247,0.18,-0.008509638269973866,293,0.02666666666666667,,,0.07266666666666667,294,0.041323092870941824,0.05853409838825186,0.02657494227960222,0.042872232800922366
recent_heavy,600600,2026-05-25,2026-05-25,-0.001732724894689776,289,0.04,-0.006701709971149034,277,0.08,,,0.06799999999999999,295,0.011749131226212128,0.028960136743522165,0.0095978818467648,0.025895172368084945
recent_heavy,601698,2026-05-25,2026-05-25,-0.003299309569607096,295,0.02,-0.006607699582494753,275,0.08666666666666667,,,0.06666666666666667,296,-0.06405472636815901,-0.04684372085084897,-0.07555970149253721,-0.05926241097121707
recent_heavy,600010,2026-05-25,2026-05-25,-0.002904269297100679,294,0.023333333333333334,-0.0077138988406945976,289,0.04,,,0.034999999999999996,297,-0.048387096774193616,-0.03117609125688358,-0.04435483870967738,-0.028057548188357234
recent_heavy,600522,2026-05-25,2026-05-25,-0.001309036043622671,280,0.07,-0.014731938674315284,298,0.01,,,0.028,298,0.04224308300395263,0.05945408852126267,0.05953557312252977,0.07583286364384992
recent_heavy,603392,2026-05-25,2026-05-25,-0.004715498481457724,297,0.013333333333333334,-0.008480018498400983,292,0.03,,,0.024999999999999998,299,0.006972690296339179,0.024183695813649216,0.03166763509587445,0.04796492561719459
recent_heavy,600584,2026-05-25,2026-05-25,-0.029891798706874338,300,0.0033333333333333335,-0.034033104569307956,300,0.0033333333333333335,,,0.0033333333333333335,300,-0.0696224061684998,-0.05241140065118976,-0.14559473863249806,-0.1292974481111779
